ElevationDeg,GaseousLossDb,CloudLossDb,RainLossDb,ScintillationLossDb,TotalAtmosphericLossDb
5,0.393448357500305,0.0330619768963965,0.000366725905317749,0.38721019284361,0.782098858095623
6,0.328056902003617,0.0275670478932895,0.000291884440366894,0.309359846738274,0.638668612801358
7,0.281377439745334,0.0236445120044,0.000241184867344448,0.255768746190289,0.53825908183523
8,0.246393042866989,0.0207047276609737,0.000204680430254684,0.21684106743016,0.46423989703518
9,0.219205427793462,0.0184201170270905,0.000177223466336663,0.187409892129219,0.407535799059793
10,0.197475633153827,0.0165941341385013,0.000155880052024611,0.16445820727942,0.36278463144776
11,0.179715237025982,0.0151017049663979,0.000138854475380766,0.146111808657465,0.326619747784685
12,0.164931965566297,0.0138594474499133,0.000124986307449873,0.131148019977602,0.296823464653841
13,0.152438866893982,0.0128096361295847,0.000113492908561212,0.118736904625379,0.27187696711394
14,0.141745267602939,0.0119110390813063,0.000103827852393004,0.108296291109508,0.25070601143075
15,0.132491346675057,0.0111334200772202,9.55985260753739e-05,0.0994063491193806,0.232529904761613
16,0.124407244181924,0.0104541024367701,8.85159018933799e-05,0.0917570822129214,0.216767998497074
17,0.117286602215165,0.00985574563668529,8.23627237292989e-05,0.0851148736462917,0.202979704117287
18,0.11096892551216,0.00932486305143147,7.69726944753327e-05,0.0793005028791872,0.190824822428324
19,0.105327512415831,0.00885080777607366,7.22164769298e-05,0.0741743062151475,0.180036601985428
20,0.100261006551691,0.00842506270271799,6.79920472366667e-05,0.069625920655158,0.170403011128579
21,0.0956873623165639,0.00804073343268412,6.42179045935291e-05,0.0655670457144025,0.161753448320611
22,0.0915394561481007,0.00769217948577879,6.08282002270318e-05,0.0619262390372815,0.153949136562935
23,0.0877618426854532,0.00737474171626041,5.77691834425512e-05,0.0586451112262984,0.146876065077523
24,0.0843083218946532,0.00708453787522248,5.49965687072597e-05,0.0556755013751163,0.140439724918688
25,0.0811400900887357,0.00681830723841116,5.24735578695881e-05,0.0529773516324272,0.134561129153288
26,0.0782243176403317,0.00657329108956573,5.01693356355558e-05,0.0505170876982593,0.12917376687698
27,0.075533042762917,0.00634713976341903,4.80579117675351e-05,0.0482663706400637,0.124221245523634
28,0.0730423023437189,0.0061378396084568,4.61172206031924e-05,0.0462011247395179,0.119655446941141
29,0.0707314426090833,0.00594365506123251,4.4328413825824e-05,0.0443007729626337,0.115435071445951
30,0.0685825676615705,0.00576308230622271,4.26752999687983e-05,0.0425476303041145,0.111524478027522
31,0.066580094756633,0.00559481190514815,4.11438964702487e-05,0.0409264183907439,0.10789275286637
32,0.064710392969776,0.00543769843370566,3.97220688751234e-05,0.0394238740945625,0.104512955500171
33,0.0629614875655013,0.00529073563930622,3.83992381098458e-05,0.0380284316666683,0.101361504408833
34,0.0613228165413926,0.00515303598315799,3.71661413671735e-05,0.0367299628367501,0.09841767289753
35,0.0597850289125161,0.00502381368984231,3.60146355362163e-05,0.0355195629629615,0.0956631728968709
36,0.0583398166201734,0.00490237062238768,3.493753463983e-05,0.0343893740276143,0.0930818093357418
37,0.0569797737038571,0.00478808444830619,3.39284746390337e-05,0.0333324373119825,0.0906591915400712
38,0.0556982777144642,0.00468039867459165,3.29818004010892e-05,0.0323425701286056,0.0883824909989508
39,0.0544893893769758,0.0045788142162442,3.20924707250778e-05,0.0314142621705484,0.0862402370537841
40,0.0533477673091858,0.00448288222997416,3.12559781630452e-05,0.030542587946791,0.0842221437765677
41,0.0522685952261796,0.00439219799709981,3.04682810291065e-05,0.0297231324787179,0.0823189626341684
42,0.05124751954986,0.00430639568079474,2.97257454995452e-05,0.0289519279840042,0.0805223565778356
43,0.050280595729941,0.00422514381537118,2.90250961080434e-05,0.0282253997076621,0.0788247920189362
44,0.0493642418907688,0.00414814141116211,2.83633732572039e-05,0.0275403194029061,0.0772194458036531
45,0.0484951986646817,0.00407511457926628,2.77378966195687e-05,0.0268937652373308,0.0757001248193241
46,0.0476704942707766,0.00400581359707162,2.71462335028345e-05,0.0262830871181894,0.0742611962821444
47,0.0468874140581589,0.00394001034893487,2.65861714159262e-05,0.0257058766061496,0.0728975270922433
48,0.0461434738629265,0.00387749608733434,2.60556942034152e-05,0.0251599407288411,0.0716044309146546
49,0.0454363966344025,0.00381807946874186,2.55529612219755e-05,0.0246432791208149,0.0703776218665971
50,0.0447640918732692,0.0037615848257825,2.50762891191782e-05,0.0241540640106181,0.069213173872971
51,0.0441246374960206,0.00370785064328086,2.46241358458716e-05,0.0236906226528086,0.0681074849010846
52,0.0435162637994903,0.00365672821077955,2.41950865917504e-05,0.0232514218662115,0.067057245408626
53,0.0429373392484822,0.00360808042825533,2.37878413819264e-05,0.0228350543921733,0.0660594104407762
54,0.04238635785059,0.00356178074520876,2.34012041122796e-05,0.0224402268300925,0.0651111748970646
55,0.0418619279166292,0.00351771221618872,2.30340728346356e-05,0.0220657489437444,0.0642099515592602
56,0.0413627620339349,0.00347576665823555,2.26854311306067e-05,0.0217105241622051,0.0633533515307921
57,0.0408876681040472,0.00343584389776615,2.23543404362242e-05,0.0213735411245772,0.062539166787942
58,0.0404355413168218,0.00339785109614802,2.20399331990795e-05,0.0210538661390879,0.0617653545849974
59,0.0400053569503841,0.00336170214467008,2.17414067662195e-05,0.0207506364451691,0.0610300234910296
60,0.0395961639011235,0.00332731712085965,2.14580179150314e-05,0.0204630541823999,0.0603314208660591
61,0.0392070788605269,0.00329462179915424,2.11890779512258e-05,0.0201903809831611,0.0596679216099819
62,0.0388372810664247,0.00326354720984188,2.09339483081361e-05,0.0199319331168981,0.0590380180394843
63,0.0384860075654572,0.00323402924096004,2.06920365901869e-05,0.0196870771233217,0.0584403107668761
64,0.0381525489315171,0.00320600827851081,2.0462793010769e-05,0.0194552258799572,0.0578735004708198
65,0.037836245391764,0.00317942888092478,2.02457071811061e-05,0.0192358350563867,0.0573363804627394
66,0.0375364833177253,0.00315423948420383,2.00403052121534e-05,0.0190283999135073,0.0568278299645994
67,0.037252692044124,0.00313039213460294,1.98461470962823e-05,0.0188324524112793,0.0563468080240426
68,0.03698434098252,0.00310784224608582,1.96628243395747e-05,0.0186475585929002,0.0558923480018011
69,0.036730937000732,0.0030865483801143,1.94899578190875e-05,0.0184733162172112,0.055463552574052
70,0.0364920220423843,0.00306647204561571,1.93271958425142e-05,0.0183093526145034,0.0550595891991447
71,0.0362671709638806,0.00304757751722105,1.91742123903484e-05,0.0181553227438288,0.0546796860040282
72,0.0360559895687032,0.00302983167008457,1.90307055229884e-05,0.018010907432477,0.0543231280508697
73,0.0358581128212132,0.00301320382978701,1.88963959372695e-05,0.0178758117805272,0.0539892539488883
74,0.035673203224136,0.00299766563599373,1.87710256587037e-05,0.017749763715355,0.0536774527804127
75,0.0355009493456934,0.00298319091868759,1.86543568572886e-05,0.0176325126827047,0.0533871613136885
76,0.0353410644839131,0.00296975558592918,1.85461707761386e-05,0.0175238284624743,0.0531178614780668
77,0.035193285457044,0.00295733752221389,1.84462667634273e-05,0.0174235000987112,0.0528690780799656
78,0.0350573715102506,0.00294591649659992,1.83544613992209e-05,0.0173313349345216,0.0526403767404438
79,0.0349331033298687,0.00293547407987503,1.82705877097588e-05,0.0172471577436688,0.0524313620374168
80,0.0348202821575067,0.0029259935701132,1.81944944626062e-05,0.0171708099515926,0.0522416758374997
81,0.0347187289971681,0.00291745992604819,1.81260455368828e-05,0.0171021489394384,0.0520709958042253
82,0.0346282839093888,0.00290985970775894,1.80651193634744e-05,0.0170410474254649,0.0519190340709701
83,0.0345488053871143,0.00290318102422371,1.80116084307677e-05,0.016987392918891,0.0517855360683619
84,0.0344801698087171,0.00289741348735647,1.79654188520275e-05,0.0169410872418866,0.0516702794972554
85,0.0344222709641717,0.00289254817219071,1.79264699910596e-05,0.0169020461159896,0.051573073439561
86,0.0343750196509726,0.00288857758292395,1.7894694143291e-05,0.0168701988097707,0.0514937576003235
87,0.034338343336914,0.00288549562458067,1.78700362698462e-05,0.0168454878450626,0.051432201675474
88,0.0343121858873436,0.00288329758009305,1.785245378262e-05,0.0168278687595368,0.0513883048406436
89,0.0342965073549743,0.00288198009263865,1.78419163787402e-05,0.0168173099238481,0.0513619953573356
90,0.0342912838307853,0.00288154115311135,1.78384059231926e-05,0.0168137924119823,0.0513532302936183
