OuterAngleDeg,InnerAngleDeg,WorstExceedancePercent,RobustExceedancePercent,MedianExceedancePercent,MaximumIOverNDb,P95IOverNDb,PracticalPercentileIOverNDb,RobustAvailabilityPercent,RetaskDutyPercent,ShutdownDutyPercent,Feasible,PracticalFeasible,Score,SearchStage
0,0,0.249930574840322,0.249930574840322,0.124965287420161,10.8123814570994,-27.5595671836295,1.46381008894316,99.7500694251597,0,0,0,0,0,coarse
0.5,0,0.249930574840322,0.249930574840322,0.124965287420161,10.8123814570994,-27.5595671836295,1.46381008894316,99.7500694251597,0.0558565603530135,0,0,0,0.5,coarse
0.5,0.5,0.0833101916134407,0.0833101916134407,0.0416550958067204,3.67239319059749,-27.6624142902607,-6.63379803510386,99.9166898083866,0,0.0558565603530135,0,1,1,coarse
1,0,0.249930574840322,0.249930574840322,0.124965287420161,10.8123814570994,-27.5595671836295,1.46381008894316,99.7500694251597,0.217840585376752,0,0,0,1,coarse
1,0.5,0.0833101916134407,0.0833101916134407,0.0416550958067204,3.67239319059749,-27.6624142902607,-6.63379803510386,99.9166898083866,0.161984025023739,0.0558565603530135,0,1,1.5,coarse
1,1,0.0277700638711469,0.0277700638711469,0,-5.33046556378625,-27.8956534465121,-7.71534493357102,99.9722299361289,0,0.217840585376752,0,1,2,coarse
2,0,0.249930574840322,0.249930574840322,0.124965287420161,10.8123814570994,-27.5595671836295,1.46381008894316,99.7500694251597,0.368653298329889,0,0,0,2,coarse
2,0.5,0.0833101916134407,0.0833101916134407,0.0416550958067204,3.67239319059749,-27.6624142902607,-6.63379803510386,99.9166898083866,0.312796737976875,0.0558565603530135,0,1,2.5,coarse
2,1,0.0277700638711469,0.0277700638711469,0,-5.33046556378625,-27.8956534465121,-7.71534493357102,99.9722299361289,0.214064005137536,0.217840585376752,0,1,3,coarse
2,2,0,0,0,-7.55969989763696,-28.9176798835704,-10.5211198909017,100,0,0.368653298329889,1,1,4,coarse
3,0,0.249930574840322,0.249930574840322,0.124965287420161,10.8123814570994,-27.5595671836295,1.46381008894316,99.7500694251597,0.625593475953751,0,0,0,3,coarse
3,0.5,0.0833101916134407,0.0833101916134407,0.0416550958067204,3.67239319059749,-27.6624142902607,-6.63379803510386,99.9166898083866,0.569736915600737,0.0558565603530135,0,1,3.5,coarse
3,1,0.0277700638711469,0.0277700638711469,0,-5.33046556378625,-27.8956534465121,-7.71534493357102,99.9722299361289,0.407752890576998,0.217840585376752,0,1,4,coarse
3,2,0,0,0,-7.55969989763696,-28.9176798835704,-10.5211198909017,100,0.256940177623862,0.368653298329889,1,1,5,coarse
3,3,0,0,0,-7.55969989763696,-29.1573580437992,-10.5211198909017,100,0,0.625593475953751,1,1,6,coarse
5,0,0.249930574840322,0.249930574840322,0.124965287420161,10.8123814570994,-27.5595671836295,1.46381008894316,99.7500694251597,1.14505948723678,0,0,0,5,coarse
5,0.5,0.0833101916134407,0.0833101916134407,0.0416550958067204,3.67239319059749,-27.6624142902607,-6.63379803510386,99.9166898083866,1.08920292688376,0.0558565603530135,0,1,5.5,coarse
5,1,0.0277700638711469,0.0277700638711469,0,-5.33046556378625,-27.8956534465121,-7.71534493357102,99.9722299361289,0.927218901860023,0.217840585376752,0,1,6,coarse
5,2,0,0,0,-7.55969989763696,-28.9176798835704,-10.5211198909017,100,0.776406188906887,0.368653298329889,1,1,7,coarse
5,3,0,0,0,-7.55969989763696,-29.1573580437992,-10.5211198909017,100,0.519466011283025,0.625593475953751,1,1,8,coarse
5,5,0,0,0,-7.55969989763696,-30.080947273392,-10.5211198909017,100,0,1.14505948723678,1,1,10,coarse
10,0,0.249930574840322,0.249930574840322,0.124965287420161,10.8123814570994,-27.5595671836295,1.46381008894316,99.7500694251597,3.788285867813,0,0,0,10,coarse
10,0.5,0.0833101916134407,0.0833101916134407,0.0416550958067204,3.67239319059749,-27.6624142902607,-6.63379803510386,99.9166898083866,3.75067168189146,0.0558565603530135,0,1,10.5,coarse
10,1,0.0277700638711469,0.0277700638711469,0,-5.33046556378625,-27.8956534465121,-7.71534493357102,99.9722299361289,3.70768404083826,0.217840585376752,0,1,11,coarse
10,2,0,0,0,-7.55969989763696,-28.9176798835704,-10.5211198909017,100,3.55722729715207,0.368653298329889,1,1,12,coarse
10,3,0,0,0,-7.55969989763696,-29.1573580437992,-10.5211198909017,100,3.37990327780763,0.625593475953751,1,1,13,coarse
10,5,0,0,0,-7.55969989763696,-30.080947273392,-10.5211198909017,100,2.95540032240731,1.14505948723678,1,1,15,coarse
10,10,0,0,0,-7.55969989763696,-33.0814347566923,-10.5211198909017,100,0,3.788285867813,1,1,20,coarse
15,0,0.249930574840322,0.249930574840322,0.124965287420161,10.8123814570994,-27.5595671836295,1.46381008894316,99.7500694251597,7.02310585706609,0,0,0,15,coarse
15,0.5,0.0833101916134407,0.0833101916134407,0.0416550958067204,3.67239319059749,-27.6624142902607,-6.63379803510386,99.9166898083866,6.98549167114455,0.0558565603530135,0,1,15.5,coarse
15,1,0.0277700638711469,0.0277700638711469,0,-5.33046556378625,-27.8956534465121,-7.71534493357102,99.9722299361289,6.94250403009135,0.217840585376752,0,1,16,coarse
15,2,0,0,0,-7.55969989763696,-28.9176798835704,-10.5211198909017,100,6.79204728640516,0.368653298329889,1,1,17,coarse
15,3,0,0,0,-7.55969989763696,-29.1573580437992,-10.5211198909017,100,6.61472326706072,0.625593475953751,1,1,18,coarse
15,5,0,0,0,-7.55969989763696,-30.080947273392,-10.5211198909017,100,6.1902203116604,1.14505948723678,1,1,20,coarse
15,10,0,0,0,-7.55969989763696,-33.0814347566923,-10.5211198909017,100,3.57851786501985,3.788285867813,1,1,25,coarse
15,15,0,0,0,-7.55969989763696,-35.1530893210334,-10.5251345474792,100,0,7.02310585706609,1,1,30,coarse
20,0,0.249930574840322,0.249930574840322,0.124965287420161,10.8123814570994,-27.5595671836295,1.46381008894316,99.7500694251597,10.429876410532,0,0,0,20,coarse
20,0.5,0.0833101916134407,0.0833101916134407,0.0416550958067204,3.67239319059749,-27.6624142902607,-6.63379803510386,99.9166898083866,10.3922622246104,0.0558565603530135,0,1,20.5,coarse
20,1,0.0277700638711469,0.0277700638711469,0,-5.33046556378625,-27.8956534465121,-7.71534493357102,99.9722299361289,10.3492745835572,0.217840585376752,0,1,21,coarse
20,2,0,0,0,-7.55969989763696,-28.9176798835704,-10.5211198909017,100,10.198817839871,0.368653298329889,1,1,22,coarse
20,3,0,0,0,-7.55969989763696,-29.1573580437992,-10.5211198909017,100,10.0214938205266,0.625593475953751,1,1,23,coarse
20,5,0,0,0,-7.55969989763696,-30.080947273392,-10.5211198909017,100,9.59699086512628,1.14505948723678,1,1,25,coarse
20,10,0,0,0,-7.55969989763696,-33.0814347566923,-10.5211198909017,100,7.16806352007058,3.788285867813,1,1,30,coarse
20,15,0,0,0,-7.55969989763696,-35.1530893210334,-10.5251345474792,100,3.58954565505073,7.02310585706609,1,1,35,coarse
20,20,0,0,0,-7.56032497287538,-36.0163907230441,-10.5251345474792,100,0,10.429876410532,1,1,40,coarse
25,0,0.249930574840322,0.249930574840322,0.124965287420161,10.8123814570994,-27.5595671836295,1.46381008894316,99.7500694251597,13.0306286942504,0,0,0,25,coarse
25,0.5,0.0833101916134407,0.0833101916134407,0.0416550958067204,3.67239319059749,-27.6624142902607,-6.63379803510386,99.9166898083866,12.9930145083289,0.0558565603530135,0,1,25.5,coarse
25,1,0.0277700638711469,0.0277700638711469,0,-5.33046556378625,-27.8956534465121,-7.71534493357102,99.9722299361289,12.9500268672757,0.217840585376752,0,1,26,coarse
25,2,0,0,0,-7.55969989763696,-28.9176798835704,-10.5211198909017,100,12.7995701235895,0.368653298329889,1,1,27,coarse
25,3,0,0,0,-7.55969989763696,-29.1573580437992,-10.5211198909017,100,12.622246104245,0.625593475953751,1,1,28,coarse
25,5,0,0,0,-7.55969989763696,-30.080947273392,-10.5211198909017,100,12.1977431488447,1.14505948723678,1,1,30,coarse
25,10,0,0,0,-7.55969989763696,-33.0814347566923,-10.5211198909017,100,10.1179973533304,3.788285867813,1,1,35,coarse
25,15,0,0,0,-7.55969989763696,-35.1530893210334,-10.5251345474792,100,6.53947948831054,7.02310585706609,1,1,40,coarse
25,20,0,0,0,-7.56032497287538,-36.0163907230441,-10.5251345474792,100,3.18382394012177,10.429876410532,1,1,45,coarse
25,25,0,0,0,-7.56032497287538,-36.7940652662084,-10.5251345474792,100,0,13.0306286942504,1,1,50,coarse
30,0,0.249930574840322,0.249930574840322,0.124965287420161,10.8123814570994,-27.5595671836295,1.46381008894316,99.7500694251597,15.8731864588931,0,0,0,30,coarse
30,0.5,0.0833101916134407,0.0833101916134407,0.0416550958067204,3.67239319059749,-27.6624142902607,-6.63379803510386,99.9166898083866,15.8355722729715,0.0558565603530135,0,1,30.5,coarse
30,1,0.0277700638711469,0.0277700638711469,0,-5.33046556378625,-27.8956534465121,-7.71534493357102,99.9722299361289,15.7925846319183,0.217840585376752,0,1,31,coarse
30,2,0,0,0,-7.55969989763696,-28.9176798835704,-10.5211198909017,100,15.6421278882321,0.368653298329889,1,1,32,coarse
30,3,0,0,0,-7.55969989763696,-29.1573580437992,-10.5211198909017,100,15.4648038688877,0.625593475953751,1,1,33,coarse
30,5,0,0,0,-7.55969989763696,-30.080947273392,-10.5211198909017,100,15.0403009134874,1.14505948723678,1,1,35,coarse
30,10,0,0,0,-7.55969989763696,-33.0814347566923,-10.5211198909017,100,12.8087781208646,3.788285867813,1,1,40,coarse
30,15,0,0,0,-7.55969989763696,-35.1530893210334,-10.5251345474792,100,9.62967100485952,7.02310585706609,1,1,45,coarse
30,20,0,0,0,-7.56032497287538,-36.0163907230441,-10.5251345474792,100,6.69720158632631,10.429876410532,1,1,50,coarse
30,25,0,0,0,-7.56032497287538,-36.7940652662084,-10.5251345474792,100,3.51337764620455,13.0306286942504,1,1,55,coarse
30,30,0,0,0,-7.56032497287538,-37.8935546726774,-10.5251345474792,100,0,15.8731864588931,1,1,60,coarse
35,0,0.249930574840322,0.249930574840322,0.124965287420161,10.8123814570994,-27.5595671836295,1.46381008894316,99.7500694251597,19.1867284812601,0,0,0,35,coarse
35,0.5,0.0833101916134407,0.0833101916134407,0.0416550958067204,3.67239319059749,-27.6624142902607,-6.63379803510386,99.9166898083866,19.1308719209071,0.0558565603530135,0,1,35.5,coarse
35,1,0.0277700638711469,0.0277700638711469,0,-5.33046556378625,-27.8956534465121,-7.71534493357102,99.9722299361289,19.0112842557765,0.217840585376752,0,1,36,coarse
35,2,0,0,0,-7.55969989763696,-28.9176798835704,-10.5211198909017,100,18.8608275120903,0.368653298329889,1,1,37,coarse
35,3,0,0,0,-7.55969989763696,-29.1573580437992,-10.5211198909017,100,18.6835034927458,0.625593475953751,1,1,38,coarse
35,5,0,0,0,-7.55969989763696,-30.080947273392,-10.5211198909017,100,18.2590005373455,1.14505948723678,1,1,40,coarse
35,10,0,0,0,-7.55969989763696,-33.0814347566923,-10.5211198909017,100,15.9627260696956,3.788285867813,1,1,45,coarse
35,15,0,0,0,-7.55969989763696,-35.1530893210334,-10.5251345474792,100,13.0592638105345,7.02310585706609,1,1,50,coarse
35,20,0,0,0,-7.56032497287538,-36.0163907230441,-10.5251345474792,100,10.1267943920013,10.429876410532,1,1,55,coarse
35,25,0,0,0,-7.56032497287538,-36.7940652662084,-10.5251345474792,100,6.94297045187957,13.0306286942504,1,1,60,coarse
35,30,0,0,0,-7.56032497287538,-37.8935546726774,-10.5251345474792,100,3.42959280567503,15.8731864588931,1,1,65,coarse
35,35,0,0,0,-7.56032497287538,-38.8338834887389,-10.5251515721459,100,0,19.1867284812601,1,1,70,coarse
40,0,0.249930574840322,0.249930574840322,0.124965287420161,10.8123814570994,-27.5595671836295,1.46381008894316,99.7500694251597,23.392727475842,0,0,0,40,coarse
40,0.5,0.0833101916134407,0.0833101916134407,0.0416550958067204,3.67239319059749,-27.6624142902607,-6.63379803510386,99.9166898083866,23.336870915489,0.0558565603530135,0,1,40.5,coarse
40,1,0.0277700638711469,0.0277700638711469,0,-5.33046556378625,-27.8956534465121,-7.71534493357102,99.9722299361289,23.2831810854379,0.217840585376752,0,1,41,coarse
40,2,0,0,0,-7.55969989763696,-28.9176798835704,-10.5211198909017,100,23.1327243417517,0.368653298329889,1,1,42,coarse
40,3,0,0,0,-7.55969989763696,-29.1573580437992,-10.5211198909017,100,22.9554003224073,0.625593475953751,1,1,43,coarse
40,5,0,0,0,-7.55969989763696,-30.080947273392,-10.5211198909017,100,22.530897367007,1.14505948723678,1,1,45,coarse
40,10,0,0,0,-7.55969989763696,-33.0814347566923,-10.5211198909017,100,19.7176885752095,3.788285867813,1,1,50,coarse
40,15,0,0,0,-7.55969989763696,-35.1530893210334,-10.5251345474792,100,17.2652628051165,7.02310585706609,1,1,55,coarse
40,20,0,0,0,-7.56032497287538,-36.0163907230441,-10.5251345474792,100,14.3327933865833,10.429876410532,1,1,60,coarse
40,25,0,0,0,-7.56032497287538,-36.7940652662084,-10.5251345474792,100,11.1489694464615,13.0306286942504,1,1,65,coarse
40,30,0,0,0,-7.56032497287538,-37.8935546726774,-10.5251345474792,100,7.63559180025694,15.8731864588931,1,1,70,coarse
40,35,0,0,0,-7.56032497287538,-38.8338834887389,-10.5251515721459,100,4.27189682966147,19.1867284812601,1,1,75,coarse
40,40,0,0,0,-7.56032497287538,-40.1229246397269,-10.5251515721459,100,0,23.392727475842,1,1,80,coarse
45,0,0.249930574840322,0.249930574840322,0.124965287420161,10.8123814570994,-27.5595671836295,1.46381008894316,99.7500694251597,28.5929732447076,0,0,0,45,coarse
45,0.5,0.0833101916134407,0.0833101916134407,0.0416550958067204,3.67239319059749,-27.6624142902607,-6.63379803510386,99.9166898083866,28.5371166843546,0.0558565603530135,0,1,45.5,coarse
45,1,0.0277700638711469,0.0277700638711469,0,-5.33046556378625,-27.8956534465121,-7.71534493357102,99.9722299361289,28.3987103707684,0.217840585376752,0,1,46,coarse
45,2,0,0,0,-7.55969989763696,-28.9176798835704,-10.5211198909017,100,28.2482536270822,0.368653298329889,1,1,47,coarse
45,3,0,0,0,-7.55969989763696,-29.1573580437992,-10.5211198909017,100,28.0709296077378,0.625593475953751,1,1,48,coarse
45,5,0,0,0,-7.55969989763696,-30.080947273392,-10.5211198909017,100,27.6464266523375,1.14505948723678,1,1,50,coarse
45,10,0,0,0,-7.55969989763696,-33.0814347566923,-10.5211198909017,100,24.9176115734793,3.788285867813,1,1,55,coarse
45,15,0,0,0,-7.55969989763696,-35.1530893210334,-10.5251345474792,100,22.465508573982,7.02310585706609,1,1,60,coarse
45,20,0,0,0,-7.56032497287538,-36.0163907230441,-10.5251345474792,100,19.5330391554488,10.429876410532,1,1,65,coarse
45,25,0,0,0,-7.56032497287538,-36.7940652662084,-10.5251345474792,100,16.349215215327,13.0306286942504,1,1,70,coarse
45,30,0,0,0,-7.56032497287538,-37.8935546726774,-10.5251345474792,100,12.8358375691225,15.8731864588931,1,1,75,coarse
45,35,0,0,0,-7.56032497287538,-38.8338834887389,-10.5251515721459,100,9.40624476344747,19.1867284812601,1,1,80,coarse
45,40,0,0,0,-7.56032497287538,-40.1229246397269,-10.5251515721459,100,5.20024576886555,23.392727475842,1,1,85,coarse
45,45,0,0,0,-7.56062434620662,-42.2911029898791,-10.5254921060627,100,0,28.5929732447076,1,1,90,coarse
50,0,0.249930574840322,0.249930574840322,0.124965287420161,10.8123814570994,-27.5595671836295,1.46381008894316,99.7500694251597,32.1286935150533,0,0,0,50,coarse
50,0.5,0.0833101916134407,0.0833101916134407,0.0416550958067204,3.67239319059749,-27.6624142902607,-6.63379803510386,99.9166898083866,32.0728369547003,0.0558565603530135,0,1,50.5,coarse
50,1,0.0277700638711469,0.0277700638711469,0,-5.33046556378625,-27.8956534465121,-7.71534493357102,99.9722299361289,31.9108529296766,0.217840585376752,0,1,51,coarse
50,2,0,0,0,-7.55969989763696,-28.9176798835704,-10.5211198909017,100,31.7600402167235,0.368653298329889,1,1,52,coarse
50,3,0,0,0,-7.55969989763696,-29.1573580437992,-10.5211198909017,100,31.5031000390996,0.625593475953751,1,1,53,coarse
50,5,0,0,0,-7.55969989763696,-30.080947273392,-10.5211198909017,100,30.9836340278166,1.14505948723678,1,1,55,coarse
50,10,0,0,0,-7.55969989763696,-33.0814347566923,-10.5211198909017,100,28.4533318438251,3.788285867813,1,1,60,coarse
50,15,0,0,0,-7.55969989763696,-35.1530893210334,-10.5251345474792,100,26.0012288443278,7.02310585706609,1,1,65,coarse
50,20,0,0,0,-7.56032497287538,-36.0163907230441,-10.5251345474792,100,23.0687594257946,10.429876410532,1,1,70,coarse
50,25,0,0,0,-7.56032497287538,-36.7940652662084,-10.5251345474792,100,19.8849354856728,13.0306286942504,1,1,75,coarse
50,30,0,0,0,-7.56032497287538,-37.8935546726774,-10.5251345474792,100,16.3715578394682,15.8731864588931,1,1,80,coarse
50,35,0,0,0,-7.56032497287538,-38.8338834887389,-10.5251515721459,100,12.9419650337932,19.1867284812601,1,1,85,coarse
50,40,0,0,0,-7.56032497287538,-40.1229246397269,-10.5251515721459,100,8.73596603921131,23.392727475842,1,1,90,coarse
50,45,0,0,0,-7.56062434620662,-42.2911029898791,-10.5254921060627,100,3.53572027034575,28.5929732447076,1,1,95,coarse
50,50,0,0,0,-7.56062434620662,-44.4572381292355,-10.5255130271396,100,0,32.1286935150533,1,1,100,coarse
55,0,0.249930574840322,0.249930574840322,0.124965287420161,10.8123814570994,-27.5595671836295,1.46381008894316,99.7500694251597,34.9829637490923,0,0,0,55,coarse
55,0.5,0.0833101916134407,0.0833101916134407,0.0416550958067204,3.67239319059749,-27.6624142902607,-6.63379803510386,99.9166898083866,34.9271071887393,0.0558565603530135,0,1,55.5,coarse
55,1,0.0277700638711469,0.0277700638711469,0,-5.33046556378625,-27.8956534465121,-7.71534493357102,99.9722299361289,34.7651231637156,0.217840585376752,0,1,56,coarse
55,2,0,0,0,-7.55969989763696,-28.9176798835704,-10.5211198909017,100,34.6143104507624,0.368653298329889,1,1,57,coarse
55,3,0,0,0,-7.55969989763696,-29.1573580437992,-10.5211198909017,100,34.3573702731386,0.625593475953751,1,1,58,coarse
55,5,0,0,0,-7.55969989763696,-30.080947273392,-10.5211198909017,100,33.8379042618556,1.14505948723678,1,1,60,coarse
55,10,0,0,0,-7.55969989763696,-33.0814347566923,-10.5211198909017,100,31.307602077864,3.788285867813,1,1,65,coarse
55,15,0,0,0,-7.55969989763696,-35.1530893210334,-10.5251345474792,100,28.8554990783668,7.02310585706609,1,1,70,coarse
55,20,0,0,0,-7.56032497287538,-36.0163907230441,-10.5251345474792,100,25.9230296598335,10.429876410532,1,1,75,coarse
55,25,0,0,0,-7.56032497287538,-36.7940652662084,-10.5251345474792,100,22.7392057197118,13.0306286942504,1,1,80,coarse
55,30,0,0,0,-7.56032497287538,-37.8935546726774,-10.5251345474792,100,19.2258280735072,15.8731864588931,1,1,85,coarse
55,35,0,0,0,-7.56032497287538,-38.8338834887389,-10.5251515721459,100,15.7962352678322,19.1867284812601,1,1,90,coarse
55,40,0,0,0,-7.56032497287538,-40.1229246397269,-10.5251515721459,100,11.5902362732503,23.392727475842,1,1,95,coarse
55,45,0,0,0,-7.56062434620662,-42.2911029898791,-10.5254921060627,100,6.38999050438474,28.5929732447076,1,1,100,coarse
55,50,0,0,0,-7.56062434620662,-44.4572381292355,-10.5255130271396,100,2.85427023403899,32.1286935150533,1,1,105,coarse
55,55,0,0,0,-7.56062434620662,-44.4572381292355,-10.5255130271396,100,0,34.9829637490923,1,1,110,coarse
60,0,0.249930574840322,0.249930574840322,0.124965287420161,10.8123814570994,-27.5595671836295,1.46381008894316,99.7500694251597,37.2395687873541,0,0,0,60,coarse
60,0.5,0.0833101916134407,0.0833101916134407,0.0416550958067204,3.67239319059749,-27.6624142902607,-6.63379803510386,99.9166898083866,37.1837122270011,0.0558565603530135,0,1,60.5,coarse
60,1,0.0277700638711469,0.0277700638711469,0,-5.33046556378625,-27.8956534465121,-7.71534493357102,99.9722299361289,37.0217282019773,0.217840585376752,0,1,61,coarse
60,2,0,0,0,-7.55969989763696,-28.9176798835704,-10.5211198909017,100,36.8709154890242,0.368653298329889,1,1,62,coarse
60,3,0,0,0,-7.55969989763696,-29.1573580437992,-10.5211198909017,100,36.6139753114003,0.625593475953751,1,1,63,coarse
60,5,0,0,0,-7.55969989763696,-30.080947273392,-10.5211198909017,100,36.0945093001173,1.14505948723678,1,1,65,coarse
60,10,0,0,0,-7.55969989763696,-33.0814347566923,-10.5211198909017,100,33.5642071161258,3.788285867813,1,1,70,coarse
60,15,0,0,0,-7.55969989763696,-35.1530893210334,-10.5251345474792,100,31.1121041166285,7.02310585706609,1,1,75,coarse
60,20,0,0,0,-7.56032497287538,-36.0163907230441,-10.5251345474792,100,28.1796346980953,10.429876410532,1,1,80,coarse
60,25,0,0,0,-7.56032497287538,-36.7940652662084,-10.5251345474792,100,24.9958107579735,13.0306286942504,1,1,85,coarse
60,30,0,0,0,-7.56032497287538,-37.8935546726774,-10.5251345474792,100,21.482433111769,15.8731864588931,1,1,90,coarse
60,35,0,0,0,-7.56032497287538,-38.8338834887389,-10.5251515721459,100,18.052840306094,19.1867284812601,1,1,95,coarse
60,40,0,0,0,-7.56032497287538,-40.1229246397269,-10.5251515721459,100,13.846841311512,23.392727475842,1,1,100,coarse
60,45,0,0,0,-7.56062434620662,-42.2911029898791,-10.5254921060627,100,8.64659554264648,28.5929732447076,1,1,105,coarse
60,50,0,0,0,-7.56062434620662,-44.4572381292355,-10.5255130271396,100,5.18001074691026,32.1286935150533,1,1,110,coarse
60,55,0,0,0,-7.56062434620662,-44.4572381292355,-10.5255130271396,100,2.53627082213863,34.9829637490923,1,1,115,coarse
60,60,0,0,0,-7.56062434620662,-44.4572381292355,-10.5255130271396,100,0,37.2395687873541,1,1,120,coarse
65,0,0.249930574840322,0.249930574840322,0.124965287420161,10.8123814570994,-27.5595671836295,1.46381008894316,99.7500694251597,39.3927995701236,0,0,0,65,coarse
65,0.5,0.0833101916134407,0.0833101916134407,0.0416550958067204,3.67239319059749,-27.6624142902607,-6.63379803510386,99.9166898083866,39.355185384202,0.0558565603530135,0,1,65.5,coarse
65,1,0.0277700638711469,0.0277700638711469,0,-5.33046556378625,-27.8956534465121,-7.71534493357102,99.9722299361289,39.3121977431488,0.217840585376752,0,1,66,coarse
65,2,0,0,0,-7.55969989763696,-28.9176798835704,-10.5211198909017,100,39.1617409994627,0.368653298329889,1,1,67,coarse
65,3,0,0,0,-7.55969989763696,-29.1573580437992,-10.5211198909017,100,38.9844169801182,0.625593475953751,1,1,68,coarse
65,5,0,0,0,-7.55969989763696,-30.080947273392,-10.5211198909017,100,38.5599140247179,1.14505948723678,1,1,70,coarse
65,10,0,0,0,-7.55969989763696,-33.0814347566923,-10.5211198909017,100,35.6045137023106,3.788285867813,1,1,75,coarse
65,15,0,0,0,-7.55969989763696,-35.1530893210334,-10.5251345474792,100,33.0950120091605,7.02310585706609,1,1,80,coarse
65,20,0,0,0,-7.56032497287538,-36.0401313271067,-10.5251345474792,100,30.1625425906273,10.429876410532,1,1,85,coarse
65,25,0,0,0,-7.56032497287538,-36.7940652662084,-10.5251345474792,100,26.9787186505055,13.0306286942504,1,1,90,coarse
65,30,0,0,0,-7.56032497287538,-37.8935546726774,-10.5251345474792,100,23.5196131112305,15.8731864588931,1,1,95,coarse
65,35,0,0,0,-7.56032497287538,-38.841778882376,-10.5251515721459,100,20.3009134873724,19.1867284812601,1,1,100,coarse
65,40,0,0,0,-7.56032497287538,-40.1229246397269,-10.5251515721459,100,16.0290166577109,23.392727475842,1,1,105,coarse
65,45,0,0,0,-7.56062434620662,-42.3680921261366,-10.5254921060627,100,10.9134873723804,28.5929732447076,1,1,110,coarse
65,50,0,0,0,-7.56062434620662,-44.4572381292355,-10.5255130271396,100,7.96346050510478,32.1286935150533,1,1,115,coarse
65,55,0,0,0,-7.56062434620662,-44.4572381292355,-10.5255130271396,100,5.31972058033315,34.9829637490923,1,1,120,coarse
65,60,0,0,0,-7.56062434620662,-44.4572381292355,-10.5255130271396,100,2.78344975819452,37.2395687873541,1,1,125,coarse
65,65,0,0,0,-7.56062434620662,-44.4720893749761,-10.5255130271396,100,0,39.3927995701236,1,1,130,coarse
70,0,0.249930574840322,0.249930574840322,0.124965287420161,10.8123814570994,-27.5595671836295,1.46381008894316,99.7500694251597,42.0687802256851,0,0,0,70,coarse
70,0.5,0.0833101916134407,0.0833101916134407,0.0416550958067204,3.67239319059749,-27.6624142902607,-6.63379803510386,99.9166898083866,42.0311660397636,0.0558565603530135,0,1,70.5,coarse
70,1,0.0277700638711469,0.0277700638711469,0,-5.33046556378625,-27.8956534465121,-7.71534493357102,99.9722299361289,41.9881783987104,0.217840585376752,0,1,71,coarse
70,2,0,0,0,-7.55969989763696,-28.9176798835704,-10.5211198909017,100,41.8377216550242,0.368653298329889,1,1,72,coarse
70,3,0,0,0,-7.55969989763696,-29.1573580437992,-10.5211198909017,100,41.6603976356797,0.625593475953751,1,1,73,coarse
70,5,0,0,0,-7.55969989763696,-30.080947273392,-10.5211198909017,100,41.2358946802794,1.14505948723678,1,1,75,coarse
70,10,0,0,0,-7.55969989763696,-33.0814347566923,-10.5211198909017,100,38.2804943578721,3.788285867813,1,1,80,coarse
70,15,0,0,0,-7.55969989763696,-35.1530893210334,-10.5251345474792,100,35.5973859129755,7.02310585706609,1,1,85,coarse
70,20,0,0,0,-7.56032497287538,-36.0886613071544,-10.5251345474792,100,32.6649164944423,10.429876410532,1,1,90,coarse
70,25,0,0,0,-7.56032497287538,-36.9196333417059,-10.5251345474792,100,29.4810925543205,13.0306286942504,1,1,95,coarse
70,30,0,0,0,-7.56032497287538,-37.9329187540075,-10.5251345474792,100,26.195593766792,15.8731864588931,1,1,100,coarse
70,35,0,0,0,-7.56032497287538,-38.9345785738029,-10.5251515721459,100,22.9768941429339,19.1867284812601,1,1,105,coarse
70,40,0,0,0,-7.56032497287538,-40.1229246397269,-10.5251515721459,100,18.7049973132724,23.392727475842,1,1,110,coarse
70,45,0,0,0,-7.56062434620662,-42.586115709218,-10.5254921060627,100,13.589468027942,28.5929732447076,1,1,115,coarse
70,50,0,0,0,-7.56062434620662,-44.4572381292355,-10.5255130271396,100,10.6394411606663,32.1286935150533,1,1,120,coarse
70,55,0,0,0,-7.56062434620662,-44.4572381292355,-10.5255130271396,100,7.99570123589468,34.9829637490923,1,1,125,coarse
70,60,0,0,0,-7.56062434620662,-44.4572381292355,-10.5255130271396,100,5.45943041375604,37.2395687873541,1,1,130,coarse
70,65,0,0,0,-7.56062434620662,-44.4720893749761,-10.5255130271396,100,2.67598065556153,39.3927995701236,1,1,135,coarse
70,70,0,0,0,-7.56062434620662,-44.4720893749761,-10.5255130271396,100,0,42.0687802256851,1,1,140,coarse
75,0,0.249930574840322,0.249930574840322,0.124965287420161,10.8123814570994,-27.5595671836295,1.46381008894316,99.7500694251597,44.523264257387,0,0,0,75,coarse
75,0.5,0.0833101916134407,0.0833101916134407,0.0416550958067204,3.67239319059749,-27.6624142902607,-6.63379803510386,99.9166898083866,44.467407697034,0.0558565603530135,0,1,75.5,coarse
75,1,0.0277700638711469,0.0277700638711469,0,-5.33046556378625,-27.8956534465121,-7.71534493357102,99.9722299361289,44.3054236720103,0.217840585376752,0,1,76,coarse
75,2,0,0,0,-7.55969989763696,-28.9176798835704,-10.5211198909017,100,44.1546109590571,0.368653298329889,1,1,77,coarse
75,3,0,0,0,-7.55969989763696,-29.1573580437992,-10.5211198909017,100,43.8976707814333,0.625593475953751,1,1,78,coarse
75,5,0,0,0,-7.55969989763696,-30.080947273392,-10.5211198909017,100,43.465878559914,1.14505948723678,1,1,80,coarse
75,10,0,0,0,-7.55969989763696,-33.0814347566923,-10.5211198909017,100,40.8479025861587,3.788285867813,1,1,85,coarse
75,15,0,0,0,-7.55969989763696,-35.1530893210334,-10.5251345474792,100,38.3957995866615,7.02310585706609,1,1,90,coarse
75,20,0,0,0,-7.56032497287538,-36.1206203796072,-10.5251345474792,100,35.4633301681282,10.429876410532,1,1,95,coarse
75,25,0,0,0,-7.56032497287538,-36.9196333417059,-10.5251345474792,100,32.2795062280065,13.0306286942504,1,1,100,coarse
75,30,0,0,0,-7.56032497287538,-37.997427627562,-10.5251345474792,100,28.7661285818019,15.8731864588931,1,1,105,coarse
75,35,0,0,0,-7.56032497287538,-38.9345785738029,-10.5251515721459,100,25.3365357761269,19.1867284812601,1,1,110,coarse
75,40,0,0,0,-7.56032497287538,-40.1229246397269,-10.5251515721459,100,21.130536781545,23.392727475842,1,1,115,coarse
75,45,0,0,0,-7.56062434620662,-42.6423049476956,-10.5254921060627,100,15.9302910126794,28.5929732447076,1,1,120,coarse
75,50,0,0,0,-7.56062434620662,-44.4572381292355,-10.5255130271396,100,12.8694250403009,32.1286935150533,1,1,125,coarse
75,55,0,0,0,-7.56062434620662,-44.4572381292355,-10.5255130271396,100,10.2256851155293,34.9829637490923,1,1,130,coarse
75,60,0,0,0,-7.56062434620662,-44.4572381292355,-10.5255130271396,100,7.68941429339065,37.2395687873541,1,1,135,coarse
75,65,0,0,0,-7.56062434620662,-44.4720893749761,-10.5255130271396,100,5.32090868989854,39.3927995701236,1,1,140,coarse
75,70,0,0,0,-7.56062434620662,-44.4720893749761,-10.5255130271396,100,2.81208645787384,42.0687802256851,1,1,145,coarse
75,75,0,0,0,-7.56062434620662,-44.6551286134436,-10.5255130271396,100,0,44.523264257387,1,1,150,coarse
80,0,0.249930574840322,0.249930574840322,0.124965287420161,10.8123814570994,-27.5595671836295,1.46381008894316,99.7500694251597,47.6065463888734,0,0,0,80,coarse
80,0.5,0.0833101916134407,0.0833101916134407,0.0416550958067204,3.67239319059749,-27.6624142902607,-6.63379803510386,99.9166898083866,47.5506898285204,0.0558565603530135,0,1,80.5,coarse
80,1,0.0277700638711469,0.0277700638711469,0,-5.33046556378625,-27.8956534465121,-7.71534493357102,99.9722299361289,47.3887058034966,0.217840585376752,0,1,81,coarse
80,2,0,0,0,-7.55969989763696,-28.9475133062622,-12.3539968695103,100,47.2378930905435,0.368653298329889,1,1,82,coarse
80,3,0,0,0,-7.55969989763696,-29.3412741341624,-12.3539968695103,100,46.9809529129196,0.625593475953751,1,1,83,coarse
80,5,0,0,0,-7.55969989763696,-30.2095066696548,-12.3539968695103,100,46.4614869016366,1.14505948723678,1,1,85,coarse
80,10,0,0,0,-7.55969989763696,-33.1663885380862,-12.3539968695103,100,43.9311847176451,3.788285867813,1,1,90,coarse
80,15,0,0,0,-7.55969989763696,-35.2254880600956,-12.3539968695103,100,41.4790817181478,7.02310585706609,1,1,95,coarse
80,20,0,0,0,-7.56032497287538,-36.1366407899385,-12.3539968695103,100,38.5466122996146,10.429876410532,1,1,100,coarse
80,25,0,0,0,-7.56032497287538,-36.9981920112703,-12.3539968695103,100,35.3627883594928,13.0306286942504,1,1,105,coarse
80,30,0,0,0,-7.56032497287538,-38.0413913085143,-12.3539968695103,100,31.8494107132883,15.8731864588931,1,1,110,coarse
80,35,0,0,0,-7.56032497287538,-39.0087403057314,-12.3541999972728,100,28.4198179076133,19.1867284812601,1,1,115,coarse
80,40,0,0,0,-7.56032497287538,-40.2259452035779,-12.3541999972728,100,24.2138189130313,23.392727475842,1,1,120,coarse
80,45,0,0,0,-7.56062434620662,-42.774334282969,-12.3541999972728,100,19.0135731441658,28.5929732447076,1,1,125,coarse
80,50,0,0,0,-7.56062434620662,-44.4946883114157,-12.3541999972728,100,15.47785287382,32.1286935150533,1,1,130,coarse
80,55,0,0,0,-7.56062434620662,-44.4946883114157,-12.3541999972728,100,12.7404621171413,34.9829637490923,1,1,135,coarse
80,60,0,0,0,-7.56062434620662,-44.4946883114157,-12.3541999972728,100,10.4378032642258,37.2395687873541,1,1,140,coarse
80,65,0,0,0,-7.56062434620662,-44.4946883114157,-12.3541999972728,100,8.38406970898732,39.3927995701236,1,1,145,coarse
80,70,0,0,0,-7.56062434620662,-44.4946883114157,-12.3541999972728,100,5.88169580517232,42.0687802256851,1,1,150,coarse
80,75,0,0,0,-7.56062434620662,-44.6791432539659,-12.3541999972728,100,3.08328213148634,44.523264257387,1,1,155,coarse
80,80,0,0,0,-7.56065972124071,-45.0189953499301,-12.3541999972728,100,0,47.6065463888734,1,1,160,coarse
85,0,0.249930574840322,0.249930574840322,0.124965287420161,10.8123814570994,-27.6354670287156,1.46381008894316,99.7500694251597,50.4328883427359,0,0,0,85,coarse
85,0.5,0.0833101916134407,0.0833101916134407,0.0416550958067204,3.67239319059749,-27.836763239039,-6.63379803510386,99.9166898083866,50.3770317823828,0.0558565603530135,0,1,85.5,coarse
85,1,0.0277700638711469,0.0277700638711469,0,-5.33046556378625,-28.0418636266322,-7.71534493357102,99.9722299361289,50.2150477573591,0.217840585376752,0,1,86,coarse
85,2,0,0,0,-7.55969989763696,-28.9578379999175,-12.3539968695103,100,50.064235044406,0.368653298329889,1,1,87,coarse
85,3,0,0,0,-7.55969989763696,-29.4197105583934,-12.3539968695103,100,49.8072948667821,0.625593475953751,1,1,88,coarse
85,5,0,0,0,-7.55969989763696,-30.2414929372271,-12.3539968695103,100,49.2878288554991,1.14505948723678,1,1,90,coarse
85,10,0,0,0,-7.55969989763696,-33.2139950291134,-12.3539968695103,100,46.7575266715076,3.788285867813,1,1,95,coarse
85,15,0,0,0,-7.55969989763696,-35.3165380313236,-12.3539968695103,100,44.3054236720103,7.02310585706609,1,1,100,coarse
85,20,0,0,0,-7.56032497287538,-36.1366407899385,-12.3539968695103,100,41.3729542534771,10.429876410532,1,1,105,coarse
85,25,0,0,0,-7.56032497287538,-36.9981920112703,-12.3539968695103,100,38.1891303133553,13.0306286942504,1,1,110,coarse
85,30,0,0,0,-7.56032497287538,-38.0507767134172,-12.3539968695103,100,34.6757526671508,15.8731864588931,1,1,115,coarse
85,35,0,0,0,-7.56032497287538,-39.1966721693836,-12.3541999972728,100,31.2461598614757,19.1867284812601,1,1,120,coarse
85,40,0,0,0,-7.56032497287538,-40.3078455118186,-12.3541999972728,100,27.0401608668938,23.392727475842,1,1,125,coarse
85,45,0,0,0,-7.56062434620662,-42.774334282969,-12.3541999972728,100,21.8399150980283,28.5929732447076,1,1,130,coarse
85,50,0,0,0,-7.56062434620662,-44.6328304168412,-12.3541999972728,100,18.3041948276825,32.1286935150533,1,1,135,coarse
85,55,0,0,0,-7.56062434620662,-44.6328304168412,-12.3541999972728,100,15.5822673136303,34.9829637490923,1,1,140,coarse
85,60,0,0,0,-7.56062434620662,-44.6328304168412,-12.3541999972728,100,13.3381120423467,37.2395687873541,1,1,145,coarse
85,65,0,0,0,-7.56062434620662,-44.6551286134436,-12.3541999972728,100,11.2104116628498,39.3927995701236,1,1,150,coarse
85,70,0,0,0,-7.56062434620662,-44.6551286134436,-12.3541999972728,100,8.7080377590348,42.0687802256851,1,1,155,coarse
85,75,0,0,0,-7.56062434620662,-45.0179668479716,-12.3541999972728,100,5.90962408534882,44.523264257387,1,1,160,coarse
85,80,0,0,0,-7.56065972124071,-45.403033271041,-12.3541999972728,100,2.90030877812086,47.6065463888734,1,1,165,coarse
85,85,0,0,0,-7.56065972124071,-46.0527704795424,-12.3541999972728,100,0,50.4328883427359,1,1,170,coarse
90,0,0.249930574840322,0.249930574840322,0.124965287420161,10.8123814570994,-27.662843638067,1.46381008894316,99.7500694251597,52.8235491258448,0,0,0,90,coarse
90,0.5,0.0833101916134407,0.0833101916134407,0.0416550958067204,3.67239319059749,-27.997749469861,-6.63379803510386,99.9166898083866,52.7676925654918,0.0558565603530135,0,1,90.5,coarse
90,1,0.0277700638711469,0.0277700638711469,0,-5.33046556378625,-28.2496023193228,-7.71534493357102,99.9722299361289,52.6057085404681,0.217840585376752,0,1,91,coarse
90,2,0,0,0,-7.55969989763696,-28.9989531011819,-12.6777092742791,100,52.4548958275149,0.368653298329889,1,1,92,coarse
90,3,0,0,0,-7.55969989763696,-29.5041960935192,-12.6777092742791,100,52.1979556498911,0.625593475953751,1,1,93,coarse
90,5,0,0,0,-7.55969989763696,-30.3960867773665,-12.6777092742791,100,51.6784896386081,1.14505948723678,1,1,95,coarse
90,10,0,0,0,-7.55969989763696,-33.3149254653396,-12.6777092742791,100,49.1481874546165,3.788285867813,1,1,100,coarse
90,15,0,0,0,-7.55969989763696,-35.3165380313236,-12.6786228302241,100,46.6960844551193,7.02310585706609,1,1,105,coarse
90,20,0,0,0,-7.56032497287538,-36.1366407899385,-12.6795496004776,100,43.763615036586,10.429876410532,1,1,110,coarse
90,25,0,0,0,-7.56032497287538,-36.9981920112703,-12.6795496004776,100,40.5797910964643,13.0306286942504,1,1,115,coarse
90,30,0,0,0,-7.56032497287538,-38.0507767134172,-12.6795496004776,100,37.0664134502597,15.8731864588931,1,1,120,coarse
90,35,0,0,0,-7.56032497287538,-39.2547371011087,-12.6797643132232,100,33.6368206445847,19.1867284812601,1,1,125,coarse
90,40,0,0,0,-7.56032497287538,-40.5495126582277,-12.6797643132232,100,29.4308216500028,23.392727475842,1,1,130,coarse
90,45,0,0,0,-7.56062434620662,-42.6945717668276,-12.6797643132232,100,24.5313189236877,28.5929732447076,1,1,135,coarse
90,50,0,0,0,-7.56062434620662,-45.0494012089005,-12.6797643132232,100,21.1457873842082,32.1286935150533,1,1,140,coarse
90,55,0,0,0,-7.56062434620662,-45.0494012089005,-12.6797643132232,100,18.5487428319365,34.9829637490923,1,1,145,coarse
90,60,0,0,0,-7.56062434620662,-45.0494012089005,-12.6797643132232,100,16.3045875606528,37.2395687873541,1,1,150,coarse
90,65,0,0,0,-7.56062434620662,-45.0494012089005,-12.6797643132232,100,13.9556682840759,39.3927995701236,1,1,155,coarse
90,70,0,0,0,-7.56062434620662,-45.0494012089005,-12.6797643132232,100,11.4468460520512,42.0687802256851,1,1,160,coarse
90,75,0,0,0,-7.56062434620662,-45.2781438424935,-12.6797643132232,100,8.63475959417733,44.523264257387,1,1,165,coarse
90,80,0,0,0,-7.56065972124071,-45.6189556523213,-12.6797643132232,100,5.866784296427,47.6065463888734,1,1,170,coarse
90,85,0,0,0,-7.56065972124071,-46.2581638368992,-12.6797643132232,100,2.96647551830613,50.4328883427359,1,1,175,coarse
90,90,0,0,0,-7.56065972124071,-46.7407785227804,-12.6797772364872,100,0,52.8235491258448,1,1,180,coarse
95,0,0.249930574840322,0.249930574840322,0.124965287420161,10.8123814570994,-27.912572151127,1.46381008894316,99.7500694251597,54.7841143942356,0,0,0,95,coarse
95,0.5,0.0833101916134407,0.0833101916134407,0.0416550958067204,3.67239319059749,-28.2496023193228,-6.63379803510386,99.9166898083866,54.7282578338826,0.0558565603530135,0,1,95.5,coarse
95,1,0.0277700638711469,0.0277700638711469,0,-5.33046556378625,-28.4899318158592,-7.71534493357102,99.9722299361289,54.5662738088589,0.217840585376752,0,1,96,coarse
95,2,0,0,0,-7.55969989763696,-29.0492536547595,-12.6957415899614,100,54.4154610959057,0.368653298329889,1,1,97,coarse
95,3,0,0,0,-7.55969989763696,-29.550274615801,-13.4708036529781,100,54.2235357334766,0.625593475953751,1,1,98,coarse
95,5,0,0,0,-7.55969989763696,-30.4250483331348,-13.4708036529781,100,53.7990327780763,1.14505948723678,1,1,100,coarse
95,10,0,0,0,-7.55969989763696,-33.3756273960496,-13.4708036529781,100,51.1087527230073,3.788285867813,1,1,105,coarse
95,15,0,0,0,-7.55969989763696,-35.3165380313236,-13.4708036529781,100,48.65664972351,7.02310585706609,1,1,110,coarse
95,20,0,0,0,-7.56032497287538,-36.1366407899385,-13.4753706586189,100,45.7241803049768,10.429876410532,1,1,115,coarse
95,25,0,0,0,-7.56032497287538,-36.9981920112703,-13.4753706586189,100,42.5403563648551,13.0306286942504,1,1,120,coarse
95,30,0,0,0,-7.56032497287538,-38.0507767134172,-13.4753706586189,100,39.0269787186505,15.8731864588931,1,1,125,coarse
95,35,0,0,0,-7.56032497287538,-39.2375893326708,-13.4753706586189,100,35.5973859129755,19.1867284812601,1,1,130,coarse
95,40,0,0,0,-7.56032497287538,-40.6605648321527,-13.4753706586189,100,31.3913869183936,23.392727475842,1,1,135,coarse
95,45,0,0,0,-7.56062434620662,-42.774334282969,-13.4764784529611,100,27.5198500220556,28.5929732447076,1,1,140,coarse
95,50,0,0,0,-7.56062434620662,-45.2625324390959,-13.4764784529611,100,24.1343184825761,32.1286935150533,1,1,145,coarse
95,55,0,0,0,-7.56062434620662,-45.2625324390959,-13.4764784529611,100,21.5372739303044,34.9829637490923,1,1,150,coarse
95,60,0,0,0,-7.56062434620662,-45.2625324390959,-13.4764784529611,100,19.2931186590207,37.2395687873541,1,1,155,coarse
95,65,0,0,0,-7.56062434620662,-45.2625324390959,-13.476494674735,100,16.9441993824438,39.3927995701236,1,1,160,coarse
95,70,0,0,0,-7.56062434620662,-45.2625324390959,-13.476494674735,100,14.4353771504191,42.0687802256851,1,1,165,coarse
95,75,0,0,0,-7.56062434620662,-45.4685924432606,-13.476494674735,100,11.6232906925452,44.523264257387,1,1,170,coarse
95,80,0,0,0,-7.56065972124071,-45.8681059191337,-13.4766302566325,100,8.85531539479488,47.6065463888734,1,1,175,coarse
95,85,0,0,0,-7.56065972124071,-46.3124654948339,-13.4766302566325,100,5.95500661667402,50.4328883427359,1,1,180,coarse
95,90,0,0,0,-7.56065972124071,-46.8367488769919,-13.4766302566325,100,2.98853109836789,52.8235491258448,1,1,185,coarse
95,95,0,0,0,-7.56065972124071,-47.3996105417302,-13.4766302566325,100,0,54.7841143942356,1,1,190,coarse
100,0,0.249930574840322,0.249930574840322,0.124965287420161,10.8123814570994,-28.2120043018935,1.46381008894316,99.7500694251597,57.4583557227297,0,0,0,100,coarse
100,0.5,0.0833101916134407,0.0833101916134407,0.0416550958067204,3.67239319059749,-28.5386324917457,-6.63379803510386,99.9166898083866,57.4207415368082,0.0558565603530135,0,1,100.5,coarse
100,1,0.0277700638711469,0.0277700638711469,0,-5.33046556378625,-28.611260697929,-7.71534493357102,99.9722299361289,57.377753895755,0.217840585376752,0,1,101,coarse
100,2,0,0,0,-7.55969989763696,-29.0771994451581,-13.4708036529781,100,57.2272971520688,0.368653298329889,1,1,102,coarse
100,3,0,0,0,-7.55969989763696,-29.6003794324414,-13.4708036529781,100,57.0499731327243,0.625593475953751,1,1,103,coarse
100,5,0,0,0,-7.55969989763696,-30.4476909754721,-13.4708036529781,100,56.625470177324,1.14505948723678,1,1,105,coarse
100,10,0,0,0,-7.55969989763696,-33.4240718095324,-13.4708036529781,100,53.7549625055139,3.788285867813,1,1,110,coarse
100,15,0,0,0,-7.55969989763696,-35.3165380313236,-13.4708036529781,100,50.5446014634419,7.02310585706609,1,1,115,coarse
100,20,0,0,0,-7.56032497287538,-36.1366407899385,-13.4753706586189,100,47.6121320449087,10.429876410532,1,1,120,coarse
100,25,0,0,0,-7.56032497287538,-36.9981920112703,-13.4753706586189,100,44.4283081047869,13.0306286942504,1,1,125,coarse
100,30,0,0,0,-7.56032497287538,-38.0507767134172,-13.4753706586189,100,41.5851692638366,15.8731864588931,1,1,130,coarse
100,35,0,0,0,-7.56032497287538,-39.2375893326708,-13.4753706586189,100,38.3664696399785,19.1867284812601,1,1,135,coarse
100,40,0,0,0,-7.56032497287538,-40.8542354949986,-13.4753706586189,100,34.094572810317,23.392727475842,1,1,140,coarse
100,45,0,0,0,-7.56062434620662,-42.893475627695,-13.4764784529611,100,30.3043670048522,28.5929732447076,1,1,145,coarse
100,50,0,0,0,-7.56062434620662,-45.4685924432606,-13.4764784529611,100,26.9188354653727,32.1286935150533,1,1,150,coarse
100,55,0,0,0,-7.56062434620662,-45.4685924432606,-13.4764784529611,100,24.321790913101,34.9829637490923,1,1,155,coarse
100,60,0,0,0,-7.56062434620662,-45.4945475088231,-13.4764784529611,100,22.0776356418174,37.2395687873541,1,1,160,coarse
100,65,0,0,0,-7.56062434620662,-45.4945475088231,-13.476494674735,100,19.7287163652404,39.3927995701236,1,1,165,coarse
100,70,0,0,0,-7.56062434620662,-45.4945475088231,-13.476494674735,100,17.2198941332157,42.0687802256851,1,1,170,coarse
100,75,0,0,0,-7.56062434620662,-45.703839913956,-13.476494674735,100,14.4078076753419,44.523264257387,1,1,175,coarse
100,80,0,0,0,-7.56065972124071,-45.9748897563361,-13.4766302566325,100,11.6398323775915,47.6065463888734,1,1,180,coarse
100,85,0,0,0,-7.56065972124071,-46.4431429205803,-13.4766302566325,100,8.73952359947067,50.4328883427359,1,1,185,coarse
100,90,0,0,0,-7.56065972124071,-46.9911183436299,-13.4766302566325,100,5.77304808116453,52.8235491258448,1,1,190,coarse
100,95,0,0,0,-7.56065972124071,-47.5604032456841,-13.4766302566325,100,2.82643739924772,54.7841143942356,1,1,195,coarse
100,100,0,0,0,-7.56065972124071,-48.1724255460855,-13.4766302566325,100,0,57.4583557227297,1,1,200,coarse
105,0,0.249930574840322,0.249930574840322,0.124965287420161,10.8123814570994,-28.3082334959705,1.46381008894316,99.7500694251597,59.9623858140785,0,0,0,105,coarse
105,0.5,0.0833101916134407,0.0833101916134407,0.0416550958067204,3.67239319059749,-28.611260697929,-6.63379803510386,99.9166898083866,59.9247716281569,0.0558565603530135,0,1,105.5,coarse
105,1,0.0277700638711469,0.0277700638711469,0,-5.33046556378625,-28.8157813252554,-7.71534493357102,99.9722299361289,59.8817839871037,0.217840585376752,0,1,106,coarse
105,2,0,0,0,-7.55969989763696,-29.0771994451581,-13.4708036529781,100,59.7313272434175,0.368653298329889,1,1,107,coarse
105,3,0,0,0,-7.55969989763696,-29.6003794324414,-13.4708036529781,100,59.5540032240731,0.625593475953751,1,1,108,coarse
105,5,0,0,0,-7.55969989763696,-30.4476909754721,-13.4708036529781,100,59.1295002686728,1.14505948723678,1,1,110,coarse
105,10,0,0,0,-7.55969989763696,-33.4397255676199,-13.4708036529781,100,56.6718129686811,3.788285867813,1,1,115,coarse
105,15,0,0,0,-7.55969989763696,-35.3280480565032,-13.4708036529781,100,53.0932951036612,7.02310585706609,1,1,120,coarse
105,20,0,0,0,-7.56032497287538,-36.1578380643616,-13.4753706586189,100,49.8017092107468,10.429876410532,1,1,125,coarse
105,25,0,0,0,-7.56032497287538,-37.0170805741146,-13.4753706586189,100,46.931757119828,13.0306286942504,1,1,130,coarse
105,30,0,0,0,-7.56032497287538,-38.0746979600381,-13.4753706586189,100,44.0891993551854,15.8731864588931,1,1,135,coarse
105,35,0,0,0,-7.56032497287538,-39.2799308728775,-13.4753706586189,100,40.8704997313272,19.1867284812601,1,1,140,coarse
105,40,0,0,0,-7.56032497287538,-40.9406818019596,-13.4753706586189,100,36.9541243934715,23.392727475842,1,1,145,coarse
105,45,0,0,0,-7.56062434620662,-43.0882242919447,-13.4764784529611,100,33.2212174680194,28.5929732447076,1,1,150,coarse
105,50,0,0,0,-7.56062434620662,-45.7245038026686,-13.4764784529611,100,29.8356859285399,32.1286935150533,1,1,155,coarse
105,55,0,0,0,-7.56062434620662,-45.7720393702615,-13.4764784529611,100,27.2386413762682,34.9829637490923,1,1,160,coarse
105,60,0,0,0,-7.56062434620662,-45.850502438066,-13.4764784529611,100,24.9944861049846,37.2395687873541,1,1,165,coarse
105,65,0,0,0,-7.56062434620662,-45.8796143233148,-13.476494674735,100,22.6455668284076,39.3927995701236,1,1,170,coarse
105,70,0,0,0,-7.56062434620662,-45.8796143233148,-13.476494674735,100,20.1367445963829,42.0687802256851,1,1,175,coarse
105,75,0,0,0,-7.56062434620662,-45.9376692785653,-13.476494674735,100,17.324658138509,44.523264257387,1,1,180,coarse
105,80,0,0,0,-7.56065972124071,-46.2581638368992,-13.4766302566325,100,14.5566828407587,47.6065463888734,1,1,185,coarse
105,85,0,0,0,-7.56065972124071,-46.6545972396881,-13.4766302566325,100,11.6563740626378,50.4328883427359,1,1,190,coarse
105,90,0,0,0,-7.56065972124071,-47.1054940178946,-13.4766302566325,100,8.68989854433172,52.8235491258448,1,1,195,coarse
105,95,0,0,0,-7.56065972124071,-47.7384128192607,-13.4766302566325,100,5.70136744596383,54.7841143942356,1,1,200,coarse
105,100,0,0,0,-7.56065972124071,-48.324419208305,-13.4766302566325,100,2.91685046316718,57.4583557227297,1,1,205,coarse
105,105,0,0,0,-7.56067217041107,-49.784641869819,-13.4766758272731,100,0,59.9623858140785,1,1,210,coarse
110,0,0.249930574840322,0.249930574840322,0.124965287420161,10.8123814570994,-28.3082334959705,1.46381008894316,99.7500694251597,62.7082213863514,0,0,0,110,coarse
110,0.5,0.0833101916134407,0.0833101916134407,0.0416550958067204,3.67239319059749,-28.611260697929,-6.63379803510386,99.9166898083866,62.6706072004299,0.0558565603530135,0,1,110.5,coarse
110,1,0.0277700638711469,0.0277700638711469,0,-5.33046556378625,-28.8157813252554,-7.71534493357102,99.9722299361289,62.6276195593767,0.217840585376752,0,1,111,coarse
110,2,0,0,0,-7.55969989763696,-29.0771994451581,-13.4708036529781,100,62.4771628156905,0.368653298329889,1,1,112,coarse
110,3,0,0,0,-7.55969989763696,-29.6051437050221,-13.4708036529781,100,62.2998387963461,0.625593475953751,1,1,113,coarse
110,5,0,0,0,-7.55969989763696,-30.4689325278462,-13.4708036529781,100,61.8753358409457,1.14505948723678,1,1,115,coarse
110,10,0,0,0,-7.55969989763696,-33.4631230762399,-13.4708036529781,100,59.2798853109837,3.788285867813,1,1,120,coarse
110,15,0,0,0,-7.55969989763696,-35.3462691588271,-13.4708036529781,100,55.7013674459638,7.02310585706609,1,1,125,coarse
110,20,0,0,0,-7.56032497287538,-36.2190067110673,-13.4753706586189,100,52.4828241076914,10.429876410532,1,1,130,coarse
110,25,0,0,0,-7.56032497287538,-37.0740640361943,-13.4753706586189,100,49.677592692101,13.0306286942504,1,1,135,coarse
110,30,0,0,0,-7.56032497287538,-38.2189664480518,-13.4753706586189,100,46.8350349274584,15.8731864588931,1,1,140,coarse
110,35,0,0,0,-7.56032497287538,-39.4671165694415,-13.4753706586189,100,43.6163353036002,19.1867284812601,1,1,145,coarse
110,40,0,0,0,-7.56032497287538,-41.1756470938181,-13.4753706586189,100,39.5621967357742,23.392727475842,1,1,150,coarse
110,45,0,0,0,-7.56062434620662,-43.2671763243659,-13.4764784529611,100,35.829289810322,28.5929732447076,1,1,155,coarse
110,50,0,0,0,-7.56062434620662,-45.7720393702615,-13.4764784529611,100,32.4437582708425,32.1286935150533,1,1,160,coarse
110,55,0,0,0,-7.56062434620662,-45.821359070022,-13.4764784529611,100,29.8467137185708,34.9829637490923,1,1,165,coarse
110,60,0,0,0,-7.56062434620662,-45.9673168162595,-13.4764784529611,100,27.6025584472872,37.2395687873541,1,1,170,coarse
110,65,0,0,0,-7.56062434620662,-46.0312302745244,-13.476494674735,100,25.2536391707102,39.3927995701236,1,1,175,coarse
110,70,0,0,0,-7.56062434620662,-46.0312302745244,-13.476494674735,100,22.7448169386855,42.0687802256851,1,1,180,coarse
110,75,0,0,0,-7.56062434620662,-46.2089541775776,-13.476494674735,100,19.9327304808116,44.523264257387,1,1,185,coarse
110,80,0,0,0,-7.56065972124071,-46.471209188907,-13.4766302566325,100,17.1647551830613,47.6065463888734,1,1,190,coarse
110,85,0,0,0,-7.56065972124071,-46.8036656513531,-13.4766302566325,100,14.2644464049405,50.4328883427359,1,1,195,coarse
110,90,0,0,0,-7.56065972124071,-47.5604032456841,-13.4766302566325,100,11.2979708866343,52.8235491258448,1,1,200,coarse
110,95,0,0,0,-7.56065972124071,-47.8980442297082,-13.4766302566325,100,8.30943978826643,54.7841143942356,1,1,205,coarse
110,100,0,0,0,-7.56065972124071,-48.9102342290241,-13.4766302566325,100,6.09547254629134,57.4583557227297,1,1,210,coarse
110,105,0,0,0,-7.56067217041107,-50.40586509157,-13.4766758272731,100,3.18420207642085,59.9623858140785,1,1,215,coarse
110,110,0,0,0,-7.56067217041107,-51.4349396546334,-13.4766758272731,100,0,62.7082213863514,1,1,220,coarse
115,0,0.249930574840322,0.249930574840322,0.124965287420161,10.8123814570994,-28.3263186844841,1.46381008894316,99.7500694251597,65.459430413756,0,0,0,115,coarse
115,0.5,0.0833101916134407,0.0833101916134407,0.0416550958067204,3.67239319059749,-28.802776891923,-6.63379803510386,99.9166898083866,65.4218162278345,0.0558565603530135,0,1,115.5,coarse
115,1,0.0277700638711469,0.0277700638711469,0,-5.33046556378625,-28.9342155423233,-7.71534493357102,99.9722299361289,65.3788285867813,0.217840585376752,0,1,116,coarse
115,2,0,0,0,-7.55969989763696,-29.3412741341624,-13.6598623638306,100,65.2283718430951,0.368653298329889,1,1,117,coarse
115,3,0,0,0,-7.55969989763696,-29.76458585857,-13.7766965254076,100,65.0510478237507,0.625593475953751,1,1,118,coarse
115,5,0,0,0,-7.55969989763696,-30.6804816224987,-13.7766965254076,100,64.6265448683504,1.14505948723678,1,1,120,coarse
115,10,0,0,0,-7.55969989763696,-33.6461027048386,-13.7766965254076,100,61.8769298632554,3.788285867813,1,1,125,coarse
115,15,0,0,0,-7.55969989763696,-35.5306375257371,-13.7778962666748,100,58.43632455669,7.02310585706609,1,1,130,coarse
115,20,0,0,0,-7.56032497287538,-36.3372700154334,-13.7982688753023,100,55.3370943417304,10.429876410532,1,1,135,coarse
115,25,0,0,0,-7.56032497287538,-37.2239912089607,-13.7982688753023,100,52.4288017195056,13.0306286942504,1,1,140,coarse
115,30,0,0,0,-7.56032497287538,-38.4729145386434,-13.7982688753023,100,49.586243954863,15.8731864588931,1,1,145,coarse
115,35,0,0,0,-7.56032497287538,-39.5586091055206,-13.7982688753023,100,46.3675443310048,19.1867284812601,1,1,150,coarse
115,40,0,0,0,-7.56032497287538,-41.2886638813123,-13.7982688753023,100,42.1592412880459,23.392727475842,1,1,155,coarse
115,45,0,0,0,-7.56062434620662,-43.0792138109712,-13.7982688753023,100,38.4263343625937,28.5929732447076,1,1,160,coarse
115,50,0,0,0,-7.56062434620662,-45.7245038026686,-13.7982688753023,100,35.0408028231142,32.1286935150533,1,1,165,coarse
115,55,0,0,0,-7.56062434620662,-45.7568605934724,-13.7982688753023,100,32.4437582708425,34.9829637490923,1,1,170,coarse
115,60,0,0,0,-7.56062434620662,-45.8847616578535,-13.7982688753023,100,30.1996029995589,37.2395687873541,1,1,175,coarse
115,65,0,0,0,-7.56062434620662,-46.2096371343006,-13.7984132651513,100,27.8506837229819,39.3927995701236,1,1,180,coarse
115,70,0,0,0,-7.56062434620662,-46.2756570095864,-13.7984132651513,100,25.3418614909572,42.0687802256851,1,1,185,coarse
115,75,0,0,0,-7.56062434620662,-46.4956261727923,-13.7984132651513,100,22.5297750330834,44.523264257387,1,1,190,coarse
115,80,0,0,0,-7.56065972124071,-46.7523843443603,-13.7984132651513,100,19.761799735333,47.6065463888734,1,1,195,coarse
115,85,0,0,0,-7.56065972124071,-47.3908234863239,-13.7984132651513,100,16.8614909572122,50.4328883427359,1,1,200,coarse
115,90,0,0,0,-7.56065972124071,-48.2071314228635,-13.7984132651513,100,13.895015438906,52.8235491258448,1,1,205,coarse
115,95,0,0,0,-7.56065972124071,-48.5329538052539,-13.7984132651513,100,11.2597666702344,54.7841143942356,1,1,210,coarse
115,100,0,0,0,-7.56065972124071,-49.3053616300338,-13.7984132651513,100,9.23686182168468,57.4583557227297,1,1,215,coarse
115,105,0,0,0,-7.56067217041107,-50.5110366170501,-13.7984132651513,100,6.32559135181419,59.9623858140785,1,1,220,coarse
115,110,0,0,0,-7.56067217041107,-51.4523296126516,-13.7984132651513,100,3.14138927539334,62.7082213863514,1,1,225,coarse
115,115,0,0,0,-7.56067217041107,-52.6667871271249,-13.7984132651513,100,0,65.459430413756,1,1,230,coarse
120,0,0.249930574840322,0.249930574840322,0.124965287420161,10.8123814570994,-28.3615759467998,1.46381008894316,99.7500694251597,68.1945190757657,0,0,0,120,coarse
120,0.5,0.0833101916134407,0.0833101916134407,0.0416550958067204,3.67239319059749,-28.8157813252554,-6.63379803510386,99.9166898083866,68.1569048898442,0.0558565603530135,0,1,120.5,coarse
120,1,0.0277700638711469,0.0277700638711469,0,-5.33046556378625,-28.9795606896568,-7.71534493357102,99.9722299361289,68.113917248791,0.217840585376752,0,1,121,coarse
120,2,0,0,0,-11.8163228521658,-29.6093496816997,-13.6598623638306,100,67.9634605051048,0.368653298329889,1,1,122,coarse
120,3,0,0,0,-17.8880323171168,-30.0247804774432,-18.6966147775828,100,67.7861364857603,0.625593475953751,1,1,123,coarse
120,5,0,0,0,-18.6994608773628,-31.006726353926,-21.1608130273093,100,67.36163353036,1.14505948723678,1,1,125,coarse
120,10,0,0,0,-18.6994608773628,-34.0469349382721,-25.0880611910804,100,65.07498897221,3.788285867813,1,1,130,coarse
120,15,0,0,0,-18.6994608773628,-35.7125723880444,-25.0880611910804,100,61.4964711071901,7.02310585706609,1,1,135,coarse
120,20,0,0,0,-18.6994608773628,-36.4940378498642,-25.1229272103084,100,58.2919063844048,10.429876410532,1,1,140,coarse
120,25,0,0,0,-18.6994608773628,-37.5185743301398,-25.1229272103084,100,55.1638903815153,13.0306286942504,1,1,145,coarse
120,30,0,0,0,-18.6994608773628,-38.6393656312851,-25.1229272103084,100,52.3213326168727,15.8731864588931,1,1,150,coarse
120,35,0,0,0,-18.6994608773628,-39.7096280668838,-25.1630361700747,100,49.1122629025143,19.1867284812601,1,1,155,coarse
120,40,0,0,0,-18.6994608773628,-41.3503353408641,-25.281800717863,100,45.3573003970004,23.392727475842,1,1,160,coarse
120,45,0,0,0,-18.6994608773628,-43.0792138109712,-25.281800717863,100,41.6243934715483,28.5929732447076,1,1,165,coarse
120,50,0,0,0,-18.6995770684392,-45.7245038026686,-25.281800717863,100,38.2388619320688,32.1286935150533,1,1,170,coarse
120,55,0,0,0,-18.6995770684392,-45.7568605934724,-25.281800717863,100,35.6418173797971,34.9829637490923,1,1,175,coarse
120,60,0,0,0,-18.6995770684392,-45.8847616578535,-25.281800717863,100,33.3976621085135,37.2395687873541,1,1,180,coarse
120,65,0,0,0,-18.6995770684392,-46.2096371343006,-25.2820042180005,100,31.0487428319365,39.3927995701236,1,1,185,coarse
120,70,0,0,0,-18.6995770684392,-46.4541075663107,-25.2820042180005,100,28.5399205999118,42.0687802256851,1,1,190,coarse
120,75,0,0,0,-18.6995770684392,-46.6705242714708,-25.2820042180005,100,25.7278341420379,44.523264257387,1,1,195,coarse
120,80,0,0,0,-18.6995770684392,-46.8957964924635,-25.282182162669,100,22.9598588442876,47.6065463888734,1,1,200,coarse
120,85,0,0,0,-18.6995770684392,-47.5585159846279,-25.282182162669,100,20.0595500661667,50.4328883427359,1,1,205,coarse
120,90,0,0,0,-18.6995770684392,-48.2263259268808,-25.282182162669,100,17.0930745478606,52.8235491258448,1,1,210,coarse
120,95,0,0,0,-18.6995770684392,-48.5369219802759,-25.282314564199,100,14.8025259552606,54.7841143942356,1,1,215,coarse
120,100,0,0,0,-18.6995770684392,-49.3053616300338,-25.282314564199,100,12.7796211067109,57.4583557227297,1,1,220,coarse
120,105,0,0,0,-18.6998787453259,-50.5428645437437,-25.2831456142333,100,9.86835063684041,59.9623858140785,1,1,225,coarse
120,110,0,0,0,-18.6998787453259,-51.4523296126516,-25.2831456142333,100,6.68414856041957,62.7082213863514,1,1,230,coarse
120,115,0,0,0,-18.6998787453259,-52.6667871271249,-25.2831456142333,100,3.54275928502622,65.459430413756,1,1,235,coarse
120,120,0,0,0,-18.6998787453259,-54.0277197499051,-25.2831456142333,100,0,68.1945190757657,1,1,240,coarse
125,0,0.249930574840322,0.249930574840322,0.124965287420161,10.8123814570994,-28.3615759467998,1.46381008894316,99.7500694251597,71.166039763568,0,0,0,125,coarse
125,0.5,0.0833101916134407,0.0833101916134407,0.0416550958067204,3.67239319059749,-28.8157813252554,-6.63379803510386,99.9166898083866,71.1284255776464,0.0558565603530135,0,1,125.5,coarse
125,1,0.0277700638711469,0.0277700638711469,0,-5.33046556378625,-28.9795606896568,-7.71534493357102,99.9722299361289,71.0854379365932,0.217840585376752,0,1,126,coarse
125,2,0,0,0,-11.8163228521658,-29.7438854149608,-13.6598623638306,100,70.934981192907,0.368653298329889,1,1,127,coarse
125,3,0,0,0,-17.8880323171168,-30.1695926931517,-18.6966147775828,100,70.7576571735626,0.625593475953751,1,1,128,coarse
125,5,0,0,0,-19.9206049011242,-31.1987687987654,-21.1608130273093,100,70.3331542181623,1.14505948723678,1,1,130,coarse
125,10,0,0,0,-24.7397710616062,-34.3035104270331,-26.0297491735451,100,68.3116453462726,3.788285867813,1,1,135,coarse
125,15,0,0,0,-26.7238912029424,-35.7257275436304,-27.4872487724164,100,64.7331274812528,7.02310585706609,1,1,140,coarse
125,20,0,0,0,-26.7238912029424,-36.5941317374405,-27.5554694123533,100,61.5706864771267,10.429876410532,1,1,145,coarse
125,25,0,0,0,-26.7238912029424,-37.7597159771446,-27.6076083076141,100,58.386862537005,13.0306286942504,1,1,150,coarse
125,30,0,0,0,-27.4981659300923,-38.9140420457089,-27.9581373711006,100,55.502867225408,15.8731864588931,1,1,155,coarse
125,35,0,0,0,-28.1893702800557,-39.8243006085688,-29.1952847839652,100,52.348919276577,19.1867284812601,1,1,160,coarse
125,40,0,0,0,-29.2097937116961,-41.4212075680981,-31.4493345102796,100,48.5939567710631,23.392727475842,1,1,165,coarse
125,45,0,0,0,-31.2848825574816,-43.194924068838,-33.0606365401235,100,44.8610498456109,28.5929732447076,1,1,170,coarse
125,50,0,0,0,-35.2371639697049,-45.7509647359306,-35.6318276021293,100,41.4755183061314,32.1286935150533,1,1,175,coarse
125,55,0,0,0,-35.2371639697049,-45.7720393702615,-35.6318276021293,100,38.8784737538597,34.9829637490923,1,1,180,coarse
125,60,0,0,0,-35.2371639697049,-45.9673168162595,-35.6318276021293,100,36.6343184825761,37.2395687873541,1,1,185,coarse
125,65,0,0,0,-35.2371639697049,-46.2298021517821,-35.6318276021293,100,34.2853992059991,39.3927995701236,1,1,190,coarse
125,70,0,0,0,-35.2371639697049,-46.4879530870503,-35.6318276021293,100,31.7765769739744,42.0687802256851,1,1,195,coarse
125,75,0,0,0,-35.2371639697049,-46.8367488769919,-35.6318276021293,100,28.9644905161006,44.523264257387,1,1,200,coarse
125,80,0,0,0,-35.2371639697049,-47.0341491679954,-35.6318276021293,100,26.1965152183502,47.6065463888734,1,1,205,coarse
125,85,0,0,0,-35.2371639697049,-47.597634683754,-35.6318276021293,100,23.2962064402294,50.4328883427359,1,1,210,coarse
125,90,0,0,0,-35.2371639697049,-48.2263259268808,-35.6318276021293,100,20.3297309219232,52.8235491258448,1,1,215,coarse
125,95,0,0,0,-35.2371639697049,-48.5369219802759,-35.6318276021293,100,17.9760248314246,54.7841143942356,1,1,220,coarse
125,100,0,0,0,-35.2371639697049,-49.3053616300338,-35.6318276021293,100,15.9531199828749,57.4583557227297,1,1,225,coarse
125,105,0,0,0,-35.2371639697049,-50.5428645437437,-35.6318276021293,100,13.0418495130044,59.9623858140785,1,1,230,coarse
125,110,0,0,0,-35.2371639697049,-51.4523296126516,-35.6318276021293,100,9.85764743658354,62.7082213863514,1,1,235,coarse
125,115,0,0,0,-35.2371639697049,-52.6667871271249,-35.6318276021293,100,6.7162581611902,65.459430413756,1,1,240,coarse
125,120,0,0,0,-35.2371639697049,-54.0277197499051,-35.6318276021293,100,3.27878009272189,68.1945190757657,1,1,245,coarse
125,125,0,0,0,-35.7725978612634,-54.6784946362252,-39.3851066196016,100,0,71.166039763568,1,1,250,coarse
130,0,0.249930574840322,0.249930574840322,0.124965287420161,10.8123814570994,-28.3615759467998,1.46381008894316,99.7500694251597,74.4545943041376,0,0,0,130,coarse
130,0.5,0.0833101916134407,0.0833101916134407,0.0416550958067204,3.67239319059749,-28.8157813252554,-6.63379803510386,99.9166898083866,74.416980118216,0.0558565603530135,0,1,130.5,coarse
130,1,0.0277700638711469,0.0277700638711469,0,-5.33046556378625,-28.9795606896568,-7.71534493357102,99.9722299361289,74.3739924771628,0.217840585376752,0,1,131,coarse
130,2,0,0,0,-11.8163228521658,-29.7438854149608,-13.6598623638306,100,74.2235357334766,0.368653298329889,1,1,132,coarse
130,3,0,0,0,-17.8880323171168,-30.1695926931517,-18.6966147775828,100,74.0462117141322,0.625593475953751,1,1,133,coarse
130,5,0,0,0,-19.9206049011242,-31.1987687987654,-21.1608130273093,100,73.6217087587319,1.14505948723678,1,1,135,coarse
130,10,0,0,0,-24.7397710616062,-34.3370166796245,-26.0297491735451,100,71.3056903396559,3.788285867813,1,1,140,coarse
130,15,0,0,0,-26.7238912029424,-35.7222732088407,-27.4872487724164,100,67.7271724746361,7.02310585706609,1,1,145,coarse
130,20,0,0,0,-26.7238912029424,-36.5941317374405,-27.5554694123533,100,64.4919845835893,10.429876410532,1,1,150,coarse
130,25,0,0,0,-26.7238912029424,-37.7836716081743,-27.6076083076141,100,61.4239656098872,13.0306286942504,1,1,155,coarse
130,30,0,0,0,-27.4981659300923,-38.901967859349,-27.9581373711006,100,58.5814078452445,15.8731864588931,1,1,160,coarse
130,35,0,0,0,-28.1893702800557,-39.8048611377927,-29.1952847839652,100,55.3627082213863,19.1867284812601,1,1,165,coarse
130,40,0,0,0,-29.2097937116961,-41.3964273522187,-31.4493345102796,100,51.5880017644464,23.392727475842,1,1,170,coarse
130,45,0,0,0,-31.2848825574816,-43.0792138109712,-33.0606365401235,100,47.8550948389943,28.5929732447076,1,1,175,coarse
130,50,0,0,0,-35.1951224661647,-45.7386655449237,-35.6318276021293,100,44.4695632995148,32.1286935150533,1,1,180,coarse
130,55,0,0,0,-35.1951224661647,-45.7662480773781,-35.6318276021293,100,41.872518747243,34.9829637490923,1,1,185,coarse
130,60,0,0,0,-35.1951224661647,-45.9491279872814,-35.6318276021293,100,39.6283634759594,37.2395687873541,1,1,190,coarse
130,65,0,0,0,-35.1951224661647,-46.2096371343006,-35.6318276021293,100,37.2794441993824,39.3927995701236,1,1,195,coarse
130,70,0,0,0,-35.1951224661647,-46.400499421491,-35.6318276021293,100,34.7706219673577,42.0687802256851,1,1,200,coarse
130,75,0,0,0,-35.1951224661647,-46.7839125164481,-35.6318276021293,100,31.9585355094839,44.523264257387,1,1,205,coarse
130,80,0,0,0,-35.1951224661647,-46.9990348065546,-35.6318276021293,100,29.1905602117336,47.6065463888734,1,1,210,coarse
130,85,0,0,0,-35.1951224661647,-47.4738892015146,-35.6318276021293,100,26.2902514336127,50.4328883427359,1,1,215,coarse
130,90,0,0,0,-35.1951224661647,-48.2071314228635,-35.6318276021293,100,23.5416889650005,52.8235491258448,1,1,220,coarse
130,95,0,0,0,-35.1951224661647,-48.5147691310586,-35.6318276021293,100,21.288665310928,54.7841143942356,1,1,225,coarse
130,100,0,0,0,-35.1951224661647,-49.2917640390943,-35.6318276021293,100,19.2657604623782,57.4583557227297,1,1,230,coarse
130,105,0,0,0,-35.1951224661647,-50.5428645437437,-35.6318276021293,100,16.3544899925078,59.9623858140785,1,1,235,coarse
130,110,0,0,0,-35.1951224661647,-51.4523296126516,-35.6318276021293,100,13.1702879160869,62.7082213863514,1,1,240,coarse
130,115,0,0,0,-35.1951224661647,-52.6667871271249,-35.6318276021293,100,10.0288986406936,65.459430413756,1,1,245,coarse
130,120,0,0,0,-35.1951224661647,-54.0277197499051,-35.6318276021293,100,6.48613935566734,68.1945190757657,1,1,250,coarse
130,125,0,0,0,-36.6674852620381,-54.6784946362252,-38.8974978278245,100,3.31264047950337,71.166039763568,1,1,255,coarse
130,130,0,0,0,-40.0596929935097,-56.3957946780853,-46.5468606103581,100,0,74.4545943041376,1,1,260,coarse
135,0,0.249930574840322,0.249930574840322,0.124965287420161,10.8123814570994,-28.3615759467998,1.46381008894316,99.7500694251597,78.6243954862977,0,0,0,135,coarse
135,0.5,0.0833101916134407,0.0833101916134407,0.0416550958067204,3.67239319059749,-28.8157813252554,-6.63379803510386,99.9166898083866,78.5867813003761,0.0558565603530135,0,1,135.5,coarse
135,1,0.0277700638711469,0.0277700638711469,0,-5.33046556378625,-28.9795606896568,-7.71534493357102,99.9722299361289,78.5437936593229,0.217840585376752,0,1,136,coarse
135,2,0,0,0,-11.8163228521658,-29.7438854149608,-13.6598623638306,100,78.3933369156368,0.368653298329889,1,1,137,coarse
135,3,0,0,0,-17.8880323171168,-30.1695926931517,-18.6966147775828,100,78.2160128962923,0.625593475953751,1,1,138,coarse
135,5,0,0,0,-19.9206049011242,-31.1987687987654,-21.1608130273093,100,77.791509940892,1.14505948723678,1,1,140,coarse
135,10,0,0,0,-24.7397710616062,-34.3370166796245,-26.0297491735451,100,74.8361096184847,3.788285867813,1,1,145,coarse
135,15,0,0,0,-26.7238912029424,-35.7222732088407,-27.4872487724164,100,71.6012896292316,7.02310585706609,1,1,150,coarse
135,20,0,0,0,-26.7238912029424,-36.5941317374405,-27.5554694123533,100,68.2567167513825,10.429876410532,1,1,155,coarse
135,25,0,0,0,-26.7238912029424,-37.7836716081743,-27.6076083076141,100,65.5937667920473,13.0306286942504,1,1,160,coarse
135,30,0,0,0,-27.4981659300923,-38.901967859349,-27.9581373711006,100,62.7512090274046,15.8731864588931,1,1,165,coarse
135,35,0,0,0,-28.1893702800557,-39.8048611377927,-29.1952847839652,100,59.5325094035465,19.1867284812601,1,1,170,coarse
135,40,0,0,0,-29.2097937116961,-41.3964273522187,-31.4493345102796,100,55.7048057369153,23.392727475842,1,1,175,coarse
135,45,0,0,0,-31.2848825574816,-43.0792138109712,-33.0606365401235,100,51.2075430083811,28.5929732447076,1,1,180,coarse
135,50,0,0,0,-35.1951224661647,-45.7386655449237,-35.6318276021293,100,47.8220114689016,32.1286935150533,1,1,185,coarse
135,55,0,0,0,-35.1951224661647,-45.7662480773781,-35.6318276021293,100,45.2249669166299,34.9829637490923,1,1,190,coarse
135,60,0,0,0,-35.1951224661647,-45.9491279872814,-35.6318276021293,100,42.9808116453463,37.2395687873541,1,1,195,coarse
135,65,0,0,0,-35.1951224661647,-46.2096371343006,-35.6318276021293,100,40.6318923687693,39.3927995701236,1,1,200,coarse
135,70,0,0,0,-35.1951224661647,-46.400499421491,-35.6318276021293,100,38.1230701367446,42.0687802256851,1,1,205,coarse
135,75,0,0,0,-35.1951224661647,-46.7839125164481,-35.6318276021293,100,35.5827892539869,44.523264257387,1,1,210,coarse
135,80,0,0,0,-35.1951224661647,-46.9990348065546,-35.6318276021293,100,32.7785507866852,47.6065463888734,1,1,215,coarse
135,85,0,0,0,-35.1951224661647,-47.4738892015146,-35.6318276021293,100,30.4827143315851,50.4328883427359,1,1,220,coarse
135,90,0,0,0,-35.1951224661647,-48.2071314228635,-35.6318276021293,100,27.9085946698063,52.8235491258448,1,1,225,coarse
135,95,0,0,0,-35.1951224661647,-48.5147691310586,-35.6318276021293,100,25.6555710157337,54.7841143942356,1,1,230,coarse
135,100,0,0,0,-35.1951224661647,-49.2917640390943,-35.6318276021293,100,23.632666167184,57.4583557227297,1,1,235,coarse
135,105,0,0,0,-35.1951224661647,-50.5428645437437,-35.6318276021293,100,20.7213956973135,59.9623858140785,1,1,240,coarse
135,110,0,0,0,-35.1951224661647,-51.4523296126516,-35.6318276021293,100,17.5371936208926,62.7082213863514,1,1,245,coarse
135,115,0,0,0,-35.1951224661647,-52.6667871271249,-35.6318276021293,100,14.3958043454993,65.459430413756,1,1,250,coarse
135,120,0,0,0,-35.1951224661647,-54.0277197499051,-35.6318276021293,100,10.8530450604731,68.1945190757657,1,1,255,coarse
135,125,0,0,0,-36.6674852620381,-54.6784946362252,-38.8974978278245,100,7.67954618430911,71.166039763568,1,1,260,coarse
135,130,0,0,0,-40.0596929935097,-56.3957946780853,-46.5468606103581,100,4.36690570480574,74.4545943041376,1,1,265,coarse
135,135,0,0,0,-48.8069805729419,-58.0974523876008,-49.9532096296355,100,0,78.6243954862977,1,1,270,coarse
140,0,0.249930574840322,0.249930574840322,0.124965287420161,10.8123814570994,-28.3615759467998,1.46381008894316,99.7500694251597,81.8753358409457,0,0,0,140,coarse
140,0.5,0.0833101916134407,0.0833101916134407,0.0416550958067204,3.67239319059749,-28.8157813252554,-6.63379803510386,99.9166898083866,81.8377216550242,0.0558565603530135,0,1,140.5,coarse
140,1,0.0277700638711469,0.0277700638711469,0,-5.33046556378625,-28.9795606896568,-7.71534493357102,99.9722299361289,81.794734013971,0.217840585376752,0,1,141,coarse
140,2,0,0,0,-11.8163228521658,-29.7438854149608,-13.6598623638306,100,81.6442772702848,0.368653298329889,1,1,142,coarse
140,3,0,0,0,-17.8880323171168,-30.1695926931517,-18.6966147775828,100,81.4669532509403,0.625593475953751,1,1,143,coarse
140,5,0,0,0,-19.9206049011242,-31.1987687987654,-21.1608130273093,100,81.04245029554,1.14505948723678,1,1,145,coarse
140,10,0,0,0,-24.7397710616062,-34.3370166796245,-26.0297491735451,100,78.567490074989,3.788285867813,1,1,150,coarse
140,15,0,0,0,-26.7238912029424,-35.7222732088407,-27.4872487724164,100,75.0209462101324,7.02310585706609,1,1,155,coarse
140,20,0,0,0,-26.7238912029424,-36.5941317374405,-27.5554694123533,100,72.0884767915992,10.429876410532,1,1,160,coarse
140,25,0,0,0,-26.7238912029424,-37.7836716081743,-27.6076083076141,100,68.9046528514774,13.0306286942504,1,1,165,coarse
140,30,0,0,0,-27.4981659300923,-38.901967859349,-27.9581373711006,100,66.0021493820527,15.8731864588931,1,1,170,coarse
140,35,0,0,0,-28.1893702800557,-39.8048611377927,-29.1952847839652,100,63.4164615219951,19.1867284812601,1,1,175,coarse
140,40,0,0,0,-29.2097937116961,-41.3964273522187,-31.4493345102796,100,59.8522958364551,23.392727475842,1,1,180,coarse
140,45,0,0,0,-31.2848825574816,-43.0792138109712,-33.0606365401235,100,55.1168945743273,28.5929732447076,1,1,185,coarse
140,50,0,0,0,-35.1951224661647,-45.7386655449237,-35.6318276021293,100,51.7313630348478,32.1286935150533,1,1,190,coarse
140,55,0,0,0,-35.1951224661647,-45.7662480773781,-35.6318276021293,100,49.1343184825761,34.9829637490923,1,1,195,coarse
140,60,0,0,0,-35.1951224661647,-45.9491279872813,-35.6318276021293,100,46.8901632112925,37.2395687873541,1,1,200,coarse
140,65,0,0,0,-35.1951224661647,-46.2096371343006,-35.6318276021293,100,44.5412439347155,39.3927995701236,1,1,205,coarse
140,70,0,0,0,-35.1951224661647,-46.400499421491,-35.6318276021293,100,42.1170930108102,42.0687802256851,1,1,210,coarse
140,75,0,0,0,-35.1951224661647,-46.7839125164481,-35.6318276021293,100,39.7302793535267,44.523264257387,1,1,215,coarse
140,80,0,0,0,-35.1951224661647,-46.9990348065546,-35.6318276021293,100,36.926040886225,47.6065463888734,1,1,220,coarse
140,85,0,0,0,-35.1951224661647,-47.4738892015146,-35.6318276021293,100,34.6302044311249,50.4328883427359,1,1,225,coarse
140,90,0,0,0,-35.1951224661647,-48.2071314228635,-35.6318276021293,100,32.056084769346,52.8235491258448,1,1,230,coarse
140,95,0,0,0,-35.1951224661647,-48.5147691310586,-35.6318276021293,100,29.8030611152735,54.7841143942356,1,1,235,coarse
140,100,0,0,0,-35.1951224661647,-49.2917640390943,-35.6318276021293,100,27.7801562667238,57.4583557227297,1,1,240,coarse
140,105,0,0,0,-35.1951224661647,-50.5428645437437,-35.6318276021293,100,24.8688857968533,59.9623858140785,1,1,245,coarse
140,110,0,0,0,-35.1951224661647,-51.4523296126516,-35.6318276021293,100,21.6846837204324,62.7082213863514,1,1,250,coarse
140,115,0,0,0,-35.1951224661647,-52.6667871271249,-35.6318276021293,100,18.5432944450391,65.459430413756,1,1,255,coarse
140,120,0,0,0,-35.1951224661647,-54.0277197499051,-35.6318276021293,100,15.0005351600128,68.1945190757657,1,1,260,coarse
140,125,0,0,0,-36.6674852620381,-54.6784946362252,-38.8974978278245,100,11.8270362838489,71.166039763568,1,1,265,coarse
140,130,0,0,0,-40.0596929935097,-56.3957946780853,-46.5468606103581,100,8.5143958043455,74.4545943041376,1,1,270,coarse
140,135,0,0,0,-48.8069805729419,-58.0974523876008,-49.9532096296355,100,4.14749009953976,78.6243954862977,1,1,275,coarse
140,140,0,0,0,-48.8069805729419,-59.3557313568215,-50.142150646419,100,0,81.8753358409457,1,1,280,coarse
145,0,0.249930574840322,0.249930574840322,0.124965287420161,10.8123814570994,-28.3615759467998,1.46381008894316,99.7500694251597,85.368081676518,0,0,0,145,coarse
145,0.5,0.0833101916134407,0.0833101916134407,0.0416550958067204,3.67239319059749,-28.8157813252554,-6.63379803510386,99.9166898083866,85.3304674905964,0.0558565603530135,0,1,145.5,coarse
145,1,0.0277700638711469,0.0277700638711469,0,-5.33046556378625,-28.9795606896568,-7.71534493357102,99.9722299361289,85.2874798495433,0.217840585376752,0,1,146,coarse
145,2,0,0,0,-11.8163228521658,-29.7438854149608,-13.6598623638306,100,85.1370231058571,0.368653298329889,1,1,147,coarse
145,3,0,0,0,-17.8880323171168,-30.1695926931517,-18.6966147775828,100,84.9596990865126,0.625593475953751,1,1,148,coarse
145,5,0,0,0,-19.9206049011242,-31.1987687987654,-21.1608130273093,100,84.5351961311123,1.14505948723678,1,1,150,coarse
145,10,0,0,0,-24.7397710616062,-34.3370166796245,-26.0297491735451,100,82.2673136303485,3.788285867813,1,1,155,coarse
145,15,0,0,0,-26.7238912029424,-35.7222732088407,-27.4872487724164,100,79.1431603641848,7.02310585706609,1,1,160,coarse
145,20,0,0,0,-26.7238912029424,-36.5941317374405,-27.5554694123533,100,76.2106909456516,10.429876410532,1,1,165,coarse
145,25,0,0,0,-26.7238912029424,-37.7836716081743,-27.6076083076141,100,73.0268670055298,13.0306286942504,1,1,170,coarse
145,30,0,0,0,-27.4981659300923,-38.901967859349,-27.9581373711006,100,69.5134893593252,15.8731864588931,1,1,175,coarse
145,35,0,0,0,-28.1893702800557,-39.8048611377927,-29.1952847839652,100,66.89500160548,19.1867284812601,1,1,180,coarse
145,40,0,0,0,-29.2097937116961,-41.3964273522187,-31.4493345102796,100,63.3308359199401,23.392727475842,1,1,185,coarse
145,45,0,0,0,-31.2848825574816,-43.0792138109712,-33.0606365401235,100,58.8167181296868,28.5929732447076,1,1,190,coarse
145,50,0,0,0,-35.1951224661647,-45.7386655449237,-35.6318276021293,100,55.4311865902073,32.1286935150533,1,1,195,coarse
145,55,0,0,0,-35.1951224661647,-45.7662480773781,-35.6318276021293,100,52.8341420379356,34.9829637490923,1,1,200,coarse
145,60,0,0,0,-35.1951224661647,-45.9491279872813,-35.6318276021293,100,50.589986766652,37.2395687873541,1,1,205,coarse
145,65,0,0,0,-35.1951224661647,-46.2096371343006,-35.6318276021293,100,48.241067490075,39.3927995701236,1,1,210,coarse
145,70,0,0,0,-35.1951224661647,-46.400499421491,-35.6318276021293,100,45.7322452580503,42.0687802256851,1,1,215,coarse
145,75,0,0,0,-35.1951224661647,-46.7839125164481,-35.6318276021293,100,43.2088194370117,44.523264257387,1,1,220,coarse
145,80,0,0,0,-35.1951224661647,-46.9990348065546,-35.6318276021293,100,40.4045809697099,47.6065463888734,1,1,225,coarse
145,85,0,0,0,-35.1951224661647,-47.4738892015146,-35.6318276021293,100,38.1087445146099,50.4328883427359,1,1,230,coarse
145,90,0,0,0,-35.1951224661647,-48.2071314228635,-35.6318276021293,100,35.534624852831,52.8235491258448,1,1,235,coarse
145,95,0,0,0,-35.1951224661647,-48.5147691310586,-35.6318276021293,100,33.2816011987584,54.7841143942356,1,1,240,coarse
145,100,0,0,0,-35.1951224661647,-49.2917640390943,-35.6318276021293,100,31.2586963502087,57.4583557227297,1,1,245,coarse
145,105,0,0,0,-35.1951224661647,-50.5428645437437,-35.6318276021293,100,28.3474258803382,59.9623858140785,1,1,250,coarse
145,110,0,0,0,-35.1951224661647,-51.4523296126516,-35.6318276021293,100,25.1632238039174,62.7082213863514,1,1,255,coarse
145,115,0,0,0,-35.1951224661647,-52.6667871271249,-35.6318276021293,100,22.021834528524,65.459430413756,1,1,260,coarse
145,120,0,0,0,-35.1951224661647,-54.0277197499051,-35.6318276021293,100,18.4790752434978,68.1945190757657,1,1,265,coarse
145,125,0,0,0,-36.6674852620381,-54.6784946362252,-38.8974978278245,100,15.3055763673338,71.166039763568,1,1,270,coarse
145,130,0,0,0,-40.0596929935097,-56.3957946780853,-46.5468606103581,100,11.9929358878305,74.4545943041376,1,1,275,coarse
145,135,0,0,0,-48.8069805729419,-58.0974523876008,-49.9532096296355,100,7.95397419426912,78.6243954862977,1,1,280,coarse
145,140,0,0,0,-48.8069805729419,-59.3557313568215,-50.142150646419,100,4.12221415405239,81.8753358409457,1,1,285,coarse
145,145,0,0,0,-52.3035628914968,-60.9258949319291,-54.1433458327483,100,0,85.368081676518,1,1,290,coarse
166.306650566191,0,0.249930574840322,0.249930574840322,0.124965287420161,10.8123814570994,-28.3615759467998,1.46381008894316,99.7500694251597,100,0,0,0,166.306650566191,coarse
166.306650566191,0.5,0.0833101916134407,0.0833101916134407,0.0416550958067204,3.67239319059749,-28.8157813252554,-6.63379803510386,99.9166898083866,99.9834583149537,0.0558565603530135,0,1,166.806650566191,coarse
166.306650566191,1,0.0277700638711469,0.0277700638711469,0,-5.33046556378625,-28.9795606896568,-7.71534493357102,99.9722299361289,99.9518355988441,0.217840585376752,0,1,167.306650566191,coarse
166.306650566191,2,0,0,0,-11.8163228521658,-29.7438854149608,-13.6598623638306,100,99.8456109395677,0.368653298329889,1,1,168.306650566191,coarse
166.306650566191,3,0,0,0,-17.8880323171168,-30.1695926931517,-18.6966147775828,100,99.7353330392589,0.625593475953751,1,1,169.306650566191,coarse
166.306650566191,5,0,0,0,-19.9206049011242,-31.1987687987654,-21.1608130273093,100,99.5864578738421,1.14505948723678,1,1,171.306650566191,coarse
166.306650566191,10,0,0,0,-24.7397710616062,-34.3370166796245,-26.0297491735451,100,97.5959417732686,3.788285867813,1,1,176.306650566191,coarse
166.306650566191,15,0,0,0,-26.7238912029424,-35.7222732088407,-27.4872487724164,100,94.0174239082488,7.02310585706609,1,1,181.306650566191,coarse
166.306650566191,20,0,0,0,-26.7238912029424,-36.5941317374405,-27.5554694123533,100,91.1645081879482,10.429876410532,1,1,186.306650566191,coarse
166.306650566191,25,0,0,0,-26.7238912029424,-37.7836716081743,-27.6076083076141,100,88.6706625280959,13.0306286942504,1,1,191.306650566191,coarse
166.306650566191,30,0,0,0,-27.4981659300923,-38.901967859349,-27.9581373711006,100,85.9199400620786,15.8731864588931,1,1,196.306650566191,coarse
166.306650566191,35,0,0,0,-28.1893702800557,-39.8048611377927,-29.1952847839652,100,83.5224232045382,19.1867284812601,1,1,201.306650566191,coarse
166.306650566191,40,0,0,0,-29.2097937116961,-41.3964273522187,-31.4493345102796,100,79.9582575189982,23.392727475842,1,1,206.306650566191,coarse
166.306650566191,45,0,0,0,-31.2848825574816,-43.0792138109712,-33.0606365401235,100,75.0026758000642,28.5929732447076,1,1,211.306650566191,coarse
166.306650566191,50,0,0,0,-35.1951224661647,-45.7386655449237,-35.6318276021293,100,71.7542545221021,32.1286935150533,1,1,216.306650566191,coarse
166.306650566191,55,0,0,0,-35.1951224661647,-45.7662480773781,-35.6318276021293,100,69.2390024617361,34.9829637490923,1,1,221.306650566191,coarse
166.306650566191,60,0,0,0,-35.1951224661647,-45.9491279872814,-35.6318276021293,100,66.9003532056085,37.2395687873541,1,1,226.306650566191,coarse
166.306650566191,65,0,0,0,-35.1951224661647,-46.2096371343006,-35.6318276021293,100,64.5135395483249,39.3927995701236,1,1,231.306650566191,coarse
166.306650566191,70,0,0,0,-35.1951224661647,-46.400499421491,-35.6318276021293,100,62.2230546933533,42.0687802256851,1,1,236.306650566191,coarse
166.306650566191,75,0,0,0,-35.1951224661647,-46.7839125164481,-35.6318276021293,100,59.8362410360698,44.523264257387,1,1,241.306650566191,coarse
166.306650566191,80,0,0,0,-35.1951224661647,-46.9990348065546,-35.6318276021293,100,57.0320025687681,47.6065463888734,1,1,246.306650566191,coarse
166.306650566191,85,0,0,0,-35.1951224661647,-47.4738892015146,-35.6318276021293,100,54.736166113668,50.4328883427359,1,1,251.306650566191,coarse
166.306650566191,90,0,0,0,-35.1951224661647,-48.2071314228635,-35.6318276021293,100,52.1620464518891,52.8235491258448,1,1,256.306650566191,coarse
166.306650566191,95,0,0,0,-35.1951224661647,-48.5147691310586,-35.6318276021293,100,49.9090227978165,54.7841143942356,1,1,261.306650566191,coarse
166.306650566191,100,0,0,0,-35.1951224661647,-49.2917640390943,-35.6318276021293,100,47.8861179492668,57.4583557227297,1,1,266.306650566191,coarse
166.306650566191,105,0,0,0,-35.1951224661647,-50.5428645437437,-35.6318276021293,100,44.9748474793963,59.9623858140785,1,1,271.306650566191,coarse
166.306650566191,110,0,0,0,-35.1951224661647,-51.4523296126516,-35.6318276021293,100,41.7906454029755,62.7082213863514,1,1,276.306650566191,coarse
166.306650566191,115,0,0,0,-35.1951224661647,-52.6667871271249,-35.6318276021293,100,38.6492561275821,65.459430413756,1,1,281.306650566191,coarse
166.306650566191,120,0,0,0,-35.1951224661647,-54.0277197499051,-35.6318276021293,100,35.1064968425559,68.1945190757657,1,1,286.306650566191,coarse
166.306650566191,125,0,0,0,-36.6674852620381,-54.6784946362252,-38.8974978278245,100,31.932997966392,71.166039763568,1,1,291.306650566191,coarse
166.306650566191,130,0,0,0,-40.0596929935097,-56.3957946780853,-46.5468606103581,100,28.6203574868886,74.4545943041376,1,1,296.306650566191,coarse
166.306650566191,135,0,0,0,-48.8069805729419,-58.0974523876008,-49.9532096296355,100,24.2534517820828,78.6243954862977,1,1,301.306650566191,coarse
166.306650566191,140,0,0,0,-48.8069805729419,-59.3557313568215,-50.142150646419,100,20.1059616825431,81.8753358409457,1,1,306.306650566191,coarse
166.306650566191,145,0,0,0,-52.3035628914968,-60.9258949319291,-54.1433458327483,100,16.6274215990581,85.368081676518,1,1,311.306650566191,coarse
166.306650566191,166.306650566191,0,0,0,-2948.41956873937,-2948.41956873937,-2948.41956873937,100,0,100,1,1,332.613301132383,coarse
0,0,0.249930574840322,0.249930574840322,0.124965287420161,10.8123814570994,-27.5595671836295,1.46381008894316,99.7500694251597,0,0,0,0,0,refinement
0.5,0,0.249930574840322,0.249930574840322,0.124965287420161,10.8123814570994,-27.5595671836295,1.46381008894316,99.7500694251597,0.0558565603530135,0,0,0,0.5,refinement
0.5,0.5,0.0833101916134407,0.0833101916134407,0.0416550958067204,3.67239319059749,-27.6624142902607,-6.63379803510386,99.9166898083866,0,0.0558565603530135,0,1,1,refinement
1,0,0.249930574840322,0.249930574840322,0.124965287420161,10.8123814570994,-27.5595671836295,1.46381008894316,99.7500694251597,0.217840585376752,0,0,0,1,refinement
1,0.5,0.0833101916134407,0.0833101916134407,0.0416550958067204,3.67239319059749,-27.6624142902607,-6.63379803510386,99.9166898083866,0.161984025023739,0.0558565603530135,0,1,1.5,refinement
1,1,0.0277700638711469,0.0277700638711469,0,-5.33046556378625,-27.8956534465121,-7.71534493357102,99.9722299361289,0,0.217840585376752,0,1,2,refinement
2,0,0.249930574840322,0.249930574840322,0.124965287420161,10.8123814570994,-27.5595671836295,1.46381008894316,99.7500694251597,0.368653298329889,0,0,0,2,refinement
2,0.5,0.0833101916134407,0.0833101916134407,0.0416550958067204,3.67239319059749,-27.6624142902607,-6.63379803510386,99.9166898083866,0.312796737976875,0.0558565603530135,0,1,2.5,refinement
2,1,0.0277700638711469,0.0277700638711469,0,-5.33046556378625,-27.8956534465121,-7.71534493357102,99.9722299361289,0.214064005137536,0.217840585376752,0,1,3,refinement
2,2,0,0,0,-7.55969989763696,-28.9176798835704,-10.5211198909017,100,0,0.368653298329889,1,1,4,refinement
3,0,0.249930574840322,0.249930574840322,0.124965287420161,10.8123814570994,-27.5595671836295,1.46381008894316,99.7500694251597,0.625593475953751,0,0,0,3,refinement
3,0.5,0.0833101916134407,0.0833101916134407,0.0416550958067204,3.67239319059749,-27.6624142902607,-6.63379803510386,99.9166898083866,0.569736915600737,0.0558565603530135,0,1,3.5,refinement
3,1,0.0277700638711469,0.0277700638711469,0,-5.33046556378625,-27.8956534465121,-7.71534493357102,99.9722299361289,0.407752890576998,0.217840585376752,0,1,4,refinement
3,2,0,0,0,-7.55969989763696,-28.9176798835704,-10.5211198909017,100,0.256940177623862,0.368653298329889,1,1,5,refinement
3,3,0,0,0,-7.55969989763696,-29.1573580437992,-10.5211198909017,100,0,0.625593475953751,1,1,6,refinement
4,0,0.249930574840322,0.249930574840322,0.124965287420161,10.8123814570994,-27.5595671836295,1.46381008894316,99.7500694251597,0.781991844942188,0,0,0,4,refinement
4,0.5,0.0833101916134407,0.0833101916134407,0.0416550958067204,3.67239319059749,-27.6624142902607,-6.63379803510386,99.9166898083866,0.726135284589175,0.0558565603530135,0,1,4.5,refinement
4,1,0.0277700638711469,0.0277700638711469,0,-5.33046556378625,-27.8956534465121,-7.71534493357102,99.9722299361289,0.615434014770416,0.217840585376752,0,1,5,refinement
4,2,0,0,0,-7.55969989763696,-28.9176798835704,-10.5211198909017,100,0.4133385466123,0.368653298329889,1,1,6,refinement
4,3,0,0,0,-7.55969989763696,-29.1573580437992,-10.5211198909017,100,0.224767205394413,0.625593475953751,1,1,7,refinement
4,4,0,0,0,-7.55969989763696,-29.7341076000831,-10.5211198909017,100,0,0.781991844942188,1,1,8,refinement
5,0,0.249930574840322,0.249930574840322,0.124965287420161,10.8123814570994,-27.5595671836295,1.46381008894316,99.7500694251597,1.14505948723678,0,0,0,5,refinement
5,0.5,0.0833101916134407,0.0833101916134407,0.0416550958067204,3.67239319059749,-27.6624142902607,-6.63379803510386,99.9166898083866,1.08920292688376,0.0558565603530135,0,1,5.5,refinement
5,1,0.0277700638711469,0.0277700638711469,0,-5.33046556378625,-27.8956534465121,-7.71534493357102,99.9722299361289,0.927218901860023,0.217840585376752,0,1,6,refinement
5,2,0,0,0,-7.55969989763696,-28.9176798835704,-10.5211198909017,100,0.776406188906887,0.368653298329889,1,1,7,refinement
5,3,0,0,0,-7.55969989763696,-29.1573580437992,-10.5211198909017,100,0.519466011283025,0.625593475953751,1,1,8,refinement
5,4,0,0,0,-7.55969989763696,-29.7341076000831,-10.5211198909017,100,0.363067642294587,0.781991844942188,1,1,9,refinement
5,5,0,0,0,-7.55969989763696,-30.080947273392,-10.5211198909017,100,0,1.14505948723678,1,1,10,refinement
6,0,0.249930574840322,0.249930574840322,0.124965287420161,10.8123814570994,-27.5595671836295,1.46381008894316,99.7500694251597,1.63659721834329,0,0,0,6,refinement
6,0.5,0.0833101916134407,0.0833101916134407,0.0416550958067204,3.67239319059749,-27.6624142902607,-6.63379803510386,99.9166898083866,1.58074065799028,0.0558565603530135,0,1,6.5,refinement
6,1,0.0277700638711469,0.0277700638711469,0,-5.33046556378625,-27.8956534465121,-7.71534493357102,99.9722299361289,1.41875663296654,0.217840585376752,0,1,7,refinement
6,2,0,0,0,-7.55969989763696,-28.9176798835704,-10.5211198909017,100,1.26794392001341,0.368653298329889,1,1,8,refinement
6,3,0,0,0,-7.55969989763696,-29.1573580437992,-10.5211198909017,100,1.01100374238954,0.625593475953751,1,1,9,refinement
6,4,0,0,0,-7.55969989763696,-29.7341076000831,-10.5211198909017,100,0.854605373401106,0.781991844942188,1,1,10,refinement
6,5,0,0,0,-7.55969989763696,-30.080947273392,-10.5211198909017,100,0.491537731106518,1.14505948723678,1,1,11,refinement
6,6,0,0,0,-7.55969989763696,-30.6804816224987,-10.5211198909017,100,0,1.63659721834329,1,1,12,refinement
7,0,0.249930574840322,0.249930574840322,0.124965287420161,10.8123814570994,-27.5595671836295,1.46381008894316,99.7500694251597,1.91588002010836,0,0,0,7,refinement
7,0.5,0.0833101916134407,0.0833101916134407,0.0416550958067204,3.67239319059749,-27.6624142902607,-6.63379803510386,99.9166898083866,1.86002345975535,0.0558565603530135,0,1,7.5,refinement
7,1,0.0277700638711469,0.0277700638711469,0,-5.33046556378625,-27.8956534465121,-7.71534493357102,99.9722299361289,1.69803943473161,0.217840585376752,0,1,8,refinement
7,2,0,0,0,-7.55969989763696,-28.9176798835704,-10.5211198909017,100,1.54722672177847,0.368653298329889,1,1,9,refinement
7,3,0,0,0,-7.55969989763696,-29.1573580437992,-10.5211198909017,100,1.29028654415461,0.625593475953751,1,1,10,refinement
7,4,0,0,0,-7.55969989763696,-29.7341076000831,-10.5211198909017,100,1.13388817516617,0.781991844942188,1,1,11,refinement
7,5,0,0,0,-7.55969989763696,-30.080947273392,-10.5211198909017,100,0.865126276195594,1.14505948723678,1,1,12,refinement
7,6,0,0,0,-7.55969989763696,-30.6804816224987,-10.5211198909017,100,0.413756045137023,1.63659721834329,1,1,13,refinement
7,7,0,0,0,-7.55969989763696,-31.1354729322601,-10.5211198909017,100,0,1.91588002010836,1,1,14,refinement
8,0,0.249930574840322,0.249930574840322,0.124965287420161,10.8123814570994,-27.5595671836295,1.46381008894316,99.7500694251597,2.74255711333296,0,0,0,8,refinement
8,0.5,0.0833101916134407,0.0833101916134407,0.0416550958067204,3.67239319059749,-27.6624142902607,-6.63379803510386,99.9166898083866,2.68670055297995,0.0558565603530135,0,1,8.5,refinement
8,1,0.0277700638711469,0.0277700638711469,0,-5.33046556378625,-27.8956534465121,-7.71534493357102,99.9722299361289,2.52471652795621,0.217840585376752,0,1,9,refinement
8,2,0,0,0,-7.55969989763696,-28.9176798835704,-10.5211198909017,100,2.37390381500307,0.368653298329889,1,1,10,refinement
8,3,0,0,0,-7.55969989763696,-29.1573580437992,-10.5211198909017,100,2.11696363737921,0.625593475953751,1,1,11,refinement
8,4,0,0,0,-7.55969989763696,-29.7341076000831,-10.5211198909017,100,1.96056526839077,0.781991844942188,1,1,12,refinement
8,5,0,0,0,-7.55969989763696,-30.080947273392,-10.5211198909017,100,1.59749762609619,1.14505948723678,1,1,13,refinement
8,6,0,0,0,-7.55969989763696,-30.6804816224987,-10.5211198909017,100,1.13917248790973,1.63659721834329,1,1,14,refinement
8,7,0,0,0,-7.55969989763696,-31.1354729322601,-10.5211198909017,100,0.826677093224599,1.91588002010836,1,1,15,refinement
8,8,0,0,0,-7.55969989763696,-32.28977006197,-10.5211198909017,100,0,2.74255711333296,1,1,16,refinement
9,0,0.249930574840322,0.249930574840322,0.124965287420161,10.8123814570994,-27.5595671836295,1.46381008894316,99.7500694251597,3.14472434787466,0,0,0,9,refinement
9,0.5,0.0833101916134407,0.0833101916134407,0.0416550958067204,3.67239319059749,-27.6624142902607,-6.63379803510386,99.9166898083866,3.08886778752164,0.0558565603530135,0,1,9.5,refinement
9,1,0.0277700638711469,0.0277700638711469,0,-5.33046556378625,-27.8956534465121,-7.71534493357102,99.9722299361289,2.92688376249791,0.217840585376752,0,1,10,refinement
9,2,0,0,0,-7.55969989763696,-28.9176798835704,-10.5211198909017,100,2.77607104954477,0.368653298329889,1,1,11,refinement
9,3,0,0,0,-7.55969989763696,-29.1573580437992,-10.5211198909017,100,2.56313809779688,0.625593475953751,1,1,12,refinement
9,4,0,0,0,-7.55969989763696,-29.7341076000831,-10.5211198909017,100,2.36273250293247,0.781991844942188,1,1,13,refinement
9,5,0,0,0,-7.55969989763696,-30.080947273392,-10.5211198909017,100,2.13863514239656,1.14505948723678,1,1,14,refinement
9,6,0,0,0,-7.55969989763696,-30.6804816224987,-10.5211198909017,100,1.68726491133799,1.63659721834329,1,1,15,refinement
9,7,0,0,0,-7.55969989763696,-31.1354729322601,-10.5211198909017,100,1.27350886620097,1.91588002010836,1,1,16,refinement
9,8,0,0,0,-7.55969989763696,-32.28977006197,-10.5211198909017,100,0.548092423428264,2.74255711333296,1,1,17,refinement
9,9,0,0,0,-7.55969989763696,-32.5804723208639,-10.5211198909017,100,0,3.14472434787466,1,1,18,refinement
166.306650566191,0,0.249930574840322,0.249930574840322,0.124965287420161,10.8123814570994,-28.3615759467998,1.46381008894316,99.7500694251597,100,0,0,0,166.306650566191,refinement
166.306650566191,0.5,0.0833101916134407,0.0833101916134407,0.0416550958067204,3.67239319059749,-28.8157813252554,-6.63379803510386,99.9166898083866,99.9834583149537,0.0558565603530135,0,1,166.806650566191,refinement
166.306650566191,1,0.0277700638711469,0.0277700638711469,0,-5.33046556378625,-28.9795606896568,-7.71534493357102,99.9722299361289,99.9518355988441,0.217840585376752,0,1,167.306650566191,refinement
166.306650566191,2,0,0,0,-11.8163228521658,-29.7438854149608,-13.6598623638306,100,99.8456109395677,0.368653298329889,1,1,168.306650566191,refinement
166.306650566191,3,0,0,0,-17.8880323171168,-30.1695926931517,-18.6966147775828,100,99.7353330392589,0.625593475953751,1,1,169.306650566191,refinement
166.306650566191,4,0,0,0,-19.5525985321873,-30.7242556023461,-20.7603100950513,100,99.6581385090428,0.781991844942188,1,1,170.306650566191,refinement
166.306650566191,5,0,0,0,-19.9206049011242,-31.1987687987654,-21.1608130273093,100,99.5864578738421,1.14505948723678,1,1,171.306650566191,refinement
166.306650566191,6,0,0,0,-19.9206049011242,-31.7174106514075,-21.1608130273093,100,99.3989854433172,1.63659721834329,1,1,172.306650566191,refinement
166.306650566191,7,0,0,0,-19.9206049011242,-32.3331053801563,-21.1608130273093,100,99.0846934274371,1.91588002010836,1,1,173.306650566191,refinement
166.306650566191,8,0,0,0,-22.5844098706825,-33.4500726818258,-24.8066241469797,100,98.4616232906925,2.74255711333296,1,1,174.306650566191,refinement
166.306650566191,9,0,0,0,-23.9959779484043,-33.6696190723909,-25.7419190898973,100,98.0646228495809,3.14472434787466,1,1,175.306650566191,refinement
166.306650566191,166.306650566191,0,0,0,-2948.41956873937,-2948.41956873937,-2948.41956873937,100,0,100,1,1,332.613301132383,refinement
0,0,0.249930574840322,0.249930574840322,0.124965287420161,10.8123814570994,-27.5595671836295,1.46381008894316,99.7500694251597,0,0,0,0,0,final
0.5,0,0.249930574840322,0.249930574840322,0.124965287420161,10.8123814570994,-27.5595671836295,1.46381008894316,99.7500694251597,0.0558565603530135,0,0,0,0.5,final
0.5,0.5,0.0833101916134407,0.0833101916134407,0.0416550958067204,3.67239319059749,-27.6624142902607,-6.63379803510386,99.9166898083866,0,0.0558565603530135,0,1,1,final
1,0,0.249930574840322,0.249930574840322,0.124965287420161,10.8123814570994,-27.5595671836295,1.46381008894316,99.7500694251597,0.217840585376752,0,0,0,1,final
1,0.5,0.0833101916134407,0.0833101916134407,0.0416550958067204,3.67239319059749,-27.6624142902607,-6.63379803510386,99.9166898083866,0.161984025023739,0.0558565603530135,0,1,1.5,final
1,1,0.0277700638711469,0.0277700638711469,0,-5.33046556378625,-27.8956534465121,-7.71534493357102,99.9722299361289,0,0.217840585376752,0,1,2,final
1.5,0,0.249930574840322,0.249930574840322,0.124965287420161,10.8123814570994,-27.5595671836295,1.46381008894316,99.7500694251597,0.312796737976875,0,0,0,1.5,final
1.5,0.5,0.0833101916134407,0.0833101916134407,0.0416550958067204,3.67239319059749,-27.6624142902607,-6.63379803510386,99.9166898083866,0.256940177623862,0.0558565603530135,0,1,2,final
1.5,1,0.0277700638711469,0.0277700638711469,0,-5.33046556378625,-27.8956534465121,-7.71534493357102,99.9722299361289,0.0949561526001229,0.217840585376752,0,1,2.5,final
1.5,1.5,0,0,0,-7.55969989763696,-28.5507086780794,-10.4696122214765,100,0,0.312796737976875,1,1,3,final
2,0,0.249930574840322,0.249930574840322,0.124965287420161,10.8123814570994,-27.5595671836295,1.46381008894316,99.7500694251597,0.368653298329889,0,0,0,2,final
2,0.5,0.0833101916134407,0.0833101916134407,0.0416550958067204,3.67239319059749,-27.6624142902607,-6.63379803510386,99.9166898083866,0.312796737976875,0.0558565603530135,0,1,2.5,final
2,1,0.0277700638711469,0.0277700638711469,0,-5.33046556378625,-27.8956534465121,-7.71534493357102,99.9722299361289,0.214064005137536,0.217840585376752,0,1,3,final
2,1.5,0,0,0,-7.55969989763696,-28.5507086780794,-10.4696122214765,100,0.123086802954083,0.312796737976875,1,1,3.5,final
2,2,0,0,0,-7.55969989763696,-28.9176798835704,-10.5211198909017,100,0,0.368653298329889,1,1,4,final
2.5,0,0.249930574840322,0.249930574840322,0.124965287420161,10.8123814570994,-27.5595671836295,1.46381008894316,99.7500694251597,0.519466011283025,0,0,0,2.5,final
2.5,0.5,0.0833101916134407,0.0833101916134407,0.0416550958067204,3.67239319059749,-27.6624142902607,-6.63379803510386,99.9166898083866,0.463609450930012,0.0558565603530135,0,1,3,final
2.5,1,0.0277700638711469,0.0277700638711469,0,-5.33046556378625,-27.8956534465121,-7.71534493357102,99.9722299361289,0.305041207320989,0.217840585376752,0,1,3.5,final
2.5,1.5,0,0,0,-7.55969989763696,-28.5507086780794,-10.4696122214765,100,0.214064005137536,0.312796737976875,1,1,4,final
2.5,2,0,0,0,-7.55969989763696,-28.9176798835704,-10.5211198909017,100,0.150812712953136,0.368653298329889,1,1,4.5,final
2.5,2.5,0,0,0,-7.55969989763696,-28.9754050831408,-10.5211198909017,100,0,0.519466011283025,1,1,5,final
3,0,0.249930574840322,0.249930574840322,0.124965287420161,10.8123814570994,-27.5595671836295,1.46381008894316,99.7500694251597,0.625593475953751,0,0,0,3,final
3,0.5,0.0833101916134407,0.0833101916134407,0.0416550958067204,3.67239319059749,-27.6624142902607,-6.63379803510386,99.9166898083866,0.569736915600737,0.0558565603530135,0,1,3.5,final
3,1,0.0277700638711469,0.0277700638711469,0,-5.33046556378625,-27.8956534465121,-7.71534493357102,99.9722299361289,0.407752890576998,0.217840585376752,0,1,4,final
3,1.5,0,0,0,-7.55969989763696,-28.5507086780794,-10.4696122214765,100,0.312796737976875,0.312796737976875,1,1,4.5,final
3,2,0,0,0,-7.55969989763696,-28.9176798835704,-10.5211198909017,100,0.256940177623862,0.368653298329889,1,1,5,final
3,2.5,0,0,0,-7.55969989763696,-28.9754050831408,-10.5211198909017,100,0.112842557764643,0.519466011283025,1,1,5.5,final
3,3,0,0,0,-7.55969989763696,-29.1573580437992,-10.5211198909017,100,0,0.625593475953751,1,1,6,final
3.5,0,0.249930574840322,0.249930574840322,0.124965287420161,10.8123814570994,-27.5595671836295,1.46381008894316,99.7500694251597,0.70379266044797,0,0,0,3.5,final
3.5,0.5,0.0833101916134407,0.0833101916134407,0.0416550958067204,3.67239319059749,-27.6624142902607,-6.63379803510386,99.9166898083866,0.647936100094956,0.0558565603530135,0,1,4,final
3.5,1,0.0277700638711469,0.0277700638711469,0,-5.33046556378625,-27.8956534465121,-7.71534493357102,99.9722299361289,0.486995611687895,0.217840585376752,0,1,4.5,final
3.5,1.5,0,0,0,-7.55969989763696,-28.5507086780794,-10.4696122214765,100,0.396018409504442,0.312796737976875,1,1,5,final
3.5,2,0,0,0,-7.55969989763696,-28.9176798835704,-10.5211198909017,100,0.335139362118081,0.368653298329889,1,1,5.5,final
3.5,2.5,0,0,0,-7.55969989763696,-28.9754050831408,-10.5211198909017,100,0.225685115529285,0.519466011283025,1,1,6,final
3.5,3,0,0,0,-7.55969989763696,-29.1573580437992,-10.5211198909017,100,0.112842557764643,0.625593475953751,1,1,6.5,final
3.5,3.5,0,0,0,-7.55969989763696,-29.5324991805524,-10.5211198909017,100,0,0.70379266044797,1,1,7,final
166.306650566191,0,0.249930574840322,0.249930574840322,0.124965287420161,10.8123814570994,-28.3615759467998,1.46381008894316,99.7500694251597,100,0,0,0,166.306650566191,final
166.306650566191,0.5,0.0833101916134407,0.0833101916134407,0.0416550958067204,3.67239319059749,-28.8157813252554,-6.63379803510386,99.9166898083866,99.9834583149537,0.0558565603530135,0,1,166.806650566191,final
166.306650566191,1,0.0277700638711469,0.0277700638711469,0,-5.33046556378625,-28.9795606896568,-7.71534493357102,99.9722299361289,99.9518355988441,0.217840585376752,0,1,167.306650566191,final
166.306650566191,1.5,0,0,0,-9.28453094208746,-29.5075589847208,-12.4715775657459,100,99.8897220996912,0.312796737976875,1,1,167.806650566191,final
166.306650566191,2,0,0,0,-11.8163228521658,-29.7438854149608,-13.6598623638306,100,99.8456109395677,0.368653298329889,1,1,168.306650566191,final
166.306650566191,2.5,0,0,0,-15.4221969421719,-29.8831910601271,-18.1054626683768,100,99.7794441993824,0.519466011283025,1,1,168.806650566191,final
166.306650566191,3,0,0,0,-17.8880323171168,-30.1695926931517,-18.6966147775828,100,99.7353330392589,0.625593475953751,1,1,169.306650566191,final
166.306650566191,3.5,0,0,0,-18.6004475259535,-30.4314517381914,-20.6595980329641,100,99.7187913542126,0.70379266044797,1,1,169.806650566191,final
166.306650566191,166.306650566191,0,0,0,-2948.41956873937,-2948.41956873937,-2948.41956873937,100,0,100,1,1,332.613301132383,final
